"gid","elevation"
1,"302"
2,"94"
3,"95"
4,"91"
5,"176"
6,"428"
7,"416"
8,"196"
9,"473"
10,"499"
11,"423"
12,"417"
13,"309"
14,"262"
15,"262"
16,"272"
17,"274"
18,"413"
19,"361"
20,"430"
21,"636"
22,"466"
23,"209"
24,"254"
25,"291"
26,"305"
27,"339"
28,"272"
29,"312"
30,"352"
31,"187"
32,"573"
33,"95"
34,"538"
35,"555"
36,"581"
37,"201"
38,"374"
39,"130"
40,"256"
41,"481"
42,"231"
43,"174"
44,"330"
45,"417"
46,"179"
47,"129"
48,"287"
49,"535"
50,"366"
51,"293"
52,"286"
53,"289"
54,"289"
55,"181"
56,"204"
57,"279"
58,"288"
59,"185"
60,"184"
61,"184"
62,"400"
63,"366"
64,"378"
65,"343"
66,"365"
67,"351"
68,"371"
69,"382"
70,"612"
71,"274"
72,"299"
73,"346"
74,"357"
75,"320"
76,"281"
77,"320"
78,"269"
79,"330"
80,"196"
81,"264"
82,"167"
83,"371"
84,"230"
85,"209"
86,"332"
87,"556"
88,"302"
89,"160"
90,"104"
91,"475"
92,"579"
93,"654"
94,"275"
95,"283"
96,"284"
97,"289"
98,"487"
99,"542"
100,"290"
101,"165"
102,"279"
103,"255"
104,"243"
105,"237"
106,"250"
107,"207"
108,"184"
109,"259"
110,"120"
111,"208"
112,"22"
113,"356"
114,"332"
115,"333"
116,"342"
117,"219"
118,"126"
119,"192"
120,"172"
121,"361"
122,"489"
123,"465"
124,"330"
125,"387"
126,"314"
127,"204"
128,"270"
129,"241"
130,"99"
131,"445"
132,"509"
133,"7"
134,"317"
135,"463"
136,"543"
137,"613"
138,"629"
139,"423"
140,"82"
141,"94"
142,"92"
143,"487"
144,"508"
145,"430"
146,"572"
147,"358"
148,"546"
149,"632"
150,"530"
151,"562"
152,"552"
153,"340"
154,"340"
155,"340"
156,"314"
157,"314"
158,"300"
196,"644"
159,"300"
160,"300"
161,"300"
162,"300"
163,"300"
164,"300"
165,"295"
166,"596"
167,"299"
168,"312"
169,"296"
170,"314"
171,"329"
172,"317"
173,"340"
174,"232"
175,"259"
176,"245"
177,"291"
178,"333"
179,"387"
180,"476"
181,"504"
182,"678"
183,"123"
184,"105"
185,"231"
186,"351"
187,"274"
188,"231"
189,"227"
190,"221"
191,"219"
192,"240"
193,"249"
194,"255"
195,"126"
197,"319"
198,"306"
199,"254"
200,"241"
201,"261"
202,"274"
203,"248"
204,"381"
205,"379"
206,"385"
207,"125"
208,"134"
209,"386"
210,"251"
211,"284"
212,"297"
213,"144"
214,"89"
215,"100"
216,"135"
217,"193"
218,"358"
219,"302"
220,"227"
221,"245"
222,"244"
223,"252"
224,"225"
225,"285"
226,"284"
227,"286"
228,"196"
229,"200"
230,"196"
231,"49"
232,"289"
233,"272"
234,"48"
235,"45"
236,"403"
237,"413"
238,"404"
239,"408"
240,"82"
241,"49"
242,"86"
243,"97"
244,"364"
245,"408"
246,"428"
247,"269"
248,"124"
249,"278"
250,"98"
251,"88"
252,"512"
253,"92"
254,"327"
255,"585"
256,"261"
257,"282"
258,"267"
259,"476"
260,"430"
261,"17"
262,"502"
263,"412"
264,"160"
265,"157"
266,"151"
267,"151"
268,"158"
269,"165"
270,"164"
271,"141"
272,"185"
273,"200"
274,"179"
275,"103"
276,"88"
277,"94"
278,"125"
279,"251"
280,"413"
281,"591"
282,"465"
283,"464"
284,"578"
285,"128"
286,"293"
287,"123"
288,"295"
289,"344"
290,"393"
291,"107"
292,"223"
293,"166"
294,"107"
295,"89"
296,"89"
297,"88"
298,"318"
299,"82"
300,"135"
301,"213"
302,"135"
303,"341"
304,"104"
305,"239"
306,"409"
307,"341"
308,"642"
309,"633"
310,"426"
311,"77"
312,"324"
313,"277"
314,"303"
315,"92"
316,"107"
317,"303"
318,"513"
319,"584"
320,"499"
321,"470"
322,"514"
323,"516"
324,"510"
325,"480"
326,"408"
327,"465"
328,"395"
329,"439"
330,"190"
331,"196"
332,"189"
333,"95"
334,"234"
335,"473"
336,"555"
337,"326"
338,"255"
339,"228"
340,"127"
341,"232"
342,"223"
343,"121"
344,"115"
345,"111"
346,"329"
347,"293"
348,"302"
349,"203"
350,"197"
351,"158"
352,"259"
353,"100"
354,"615"
355,"219"
356,"257"
357,"281"
358,"409"
359,"364"
360,"453"
361,"427"
362,"251"
363,"350"
364,"345"
365,"344"
366,"341"
367,"364"
368,"159"
369,"457"
370,"340"
371,"338"
372,"350"
373,"347"
374,"341"
375,"337"
376,"335"
377,"311"
378,"343"
379,"345"
380,"343"
381,"338"
382,"346"
383,"346"
384,"344"
385,"344"
386,"334"
387,"350"
388,"345"
389,"349"
390,"346"
391,"341"
392,"341"
393,"337"
394,"337"
395,"335"
396,"321"
397,"311"
398,"340"
399,"344"
400,"344"
401,"345"
402,"343"
403,"338"
404,"349"
405,"346"
406,"346"
407,"344"
408,"341"
409,"340"
410,"341"
411,"344"
412,"347"
413,"343"
414,"346"
415,"303"
416,"328"
417,"336"
418,"328"
419,"328"
420,"336"
421,"336"
422,"336"
423,"349"
424,"346"
425,"346"
426,"346"
427,"347"
428,"347"
429,"344"
430,"341"
431,"334"
432,"334"
433,"306"
434,"297"
435,"303"
436,"334"
437,"292"
438,"323"
439,"308"
440,"292"
441,"303"
442,"303"
443,"327"
444,"328"
445,"338"
446,"336"
447,"338"
448,"341"
449,"319"
450,"319"
451,"318"
452,"311"
453,"317"
454,"303"
455,"323"
456,"323"
457,"327"
458,"336"
459,"336"
460,"338"
461,"336"
462,"336"
463,"338"
464,"341"
465,"339"
466,"336"
467,"334"
468,"298"
469,"311"
470,"311"
471,"297"
472,"303"
473,"292"
474,"299"
475,"299"
476,"299"
477,"320"
478,"299"
479,"303"
480,"303"
481,"303"
482,"323"
483,"328"
484,"336"
485,"338"
486,"297"
487,"297"
488,"303"
489,"293"
490,"293"
491,"303"
492,"304"
493,"302"
645,"253"
494,"303"
495,"303"
496,"300"
497,"296"
498,"300"
499,"305"
500,"312"
501,"313"
502,"318"
503,"320"
504,"295"
505,"297"
506,"304"
507,"303"
508,"301"
509,"297"
510,"305"
511,"303"
512,"303"
513,"296"
514,"300"
515,"305"
516,"307"
517,"313"
518,"308"
519,"318"
520,"319"
521,"281"
522,"280"
523,"297"
524,"298"
525,"304"
526,"301"
527,"303"
528,"301"
529,"299"
530,"293"
531,"303"
532,"304"
533,"304"
534,"303"
535,"303"
536,"300"
537,"296"
538,"296"
539,"300"
540,"305"
541,"307"
542,"312"
543,"313"
544,"313"
545,"314"
546,"318"
547,"320"
548,"656"
549,"257"
550,"126"
551,"274"
552,"446"
553,"186"
554,"220"
555,"438"
556,"589"
557,"636"
558,"608"
559,"340"
560,"576"
561,"391"
562,"394"
563,"260"
564,"199"
565,"262"
566,"126"
567,"181"
568,"164"
569,"195"
570,"167"
571,"202"
572,"267"
573,"97"
574,"94"
575,"92"
576,"321"
577,"463"
578,"106"
579,"58"
580,"343"
581,"84"
582,"80"
583,"614"
584,"635"
585,"682"
586,"466"
587,"275"
588,"463"
589,"161"
590,"282"
591,"284"
592,"427"
593,"426"
594,"426"
595,"321"
596,"107"
597,"86"
598,"83"
599,"84"
600,"251"
601,"239"
602,"240"
603,"195"
604,"150"
605,"198"
606,"382"
607,"339"
608,"335"
609,"458"
610,"449"
611,"305"
612,"315"
613,"285"
614,"285"
615,"123"
616,"388"
617,"116"
618,"107"
619,"85"
620,"412"
621,"303"
622,"164"
623,"120"
624,"84"
625,"98"
626,"101"
627,"84"
628,"242"
629,"265"
630,"238"
631,"275"
632,"482"
633,"270"
634,"291"
635,"232"
636,"238"
637,"245"
638,"245"
639,"254"
640,"236"
641,"173"
642,"255"
643,"96"
644,"631"
646,"234"
647,"253"
648,"253"
649,"230"
650,"230"
651,"244"
652,"244"
653,"84"
654,"238"
655,"232"
656,"270"
657,"234"
658,"270"
659,"270"
660,"270"
661,"121"
662,"244"
663,"242"
664,"234"
665,"242"
666,"270"
667,"242"
668,"244"
669,"234"
670,"234"
671,"234"
672,"255"
673,"234"
674,"270"
675,"225"
676,"251"
677,"460"
678,"311"
679,"582"
680,"150"
681,"125"
682,"384"
683,"254"
684,"245"
685,"236"
686,"535"
687,"560"
688,"584"
689,"692"
690,"558"
691,"196"
692,"643"
693,"790"
694,"234"
695,"238"
696,"113"
697,"232"
698,"236"
699,"91"
700,"105"
701,"245"
702,"234"
703,"84"
704,"254"
705,"84"
706,"230"
707,"84"
708,"245"
709,"183"
710,"107"
711,"84"
712,"276"
713,"227"
714,"227"
715,"505"
716,"342"
717,"149"
718,"129"
719,"529"
720,"523"
721,"524"
722,"213"
723,"472"
724,"88"
725,"145"
726,"506"
727,"110"
728,"99"
729,"139"
730,"139"
731,"99"
732,"110"
733,"564"
734,"436"
735,"110"
736,"17"
737,"20"
738,"110"
739,"81"
740,"99"
741,"139"
742,"250"
743,"84"
744,"736"
745,"774"
746,"91"
747,"86"
748,"239"
749,"239"
750,"101"
751,"334"
752,"116"
753,"240"
754,"195"
755,"149"
756,"212"
757,"259"
758,"139"
759,"260"
760,"329"
761,"231"
762,"289"
763,"262"
764,"194"
765,"497"
766,"392"
767,"79"
768,"314"
769,"251"
770,"605"
771,"644"
772,"523"
773,"490"
774,"221"
775,"229"
776,"160"
777,"293"
778,"308"
779,"295"
780,"273"
781,"266"
782,"372"
783,"105"
784,"151"
785,"272"
786,"311"
787,"272"
788,"174"
789,"212"
790,"239"
791,"255"
792,"278"
793,"313"
794,"196"
795,"256"
796,"296"
797,"256"
798,"494"
799,"373"
800,"460"
801,"581"
802,"474"
803,"513"
804,"475"
805,"491"
806,"310"
807,"112"
808,"260"
809,"127"
810,"109"
811,"227"
812,"162"
813,"157"
814,"144"
815,"388"
816,"162"
817,"168"
818,"171"
819,"166"
820,"143"
821,"184"
822,"187"
823,"185"
824,"225"
825,"190"
826,"141"
827,"159"
828,"190"
829,"142"
830,"196"
831,"36"
832,"243"
833,"243"
834,"224"
835,"224"
836,"224"
837,"325"
838,"536"
839,"209"
840,"469"
841,"249"
842,"345"
843,"193"
844,"592"
845,"243"
846,"243"
847,"224"
848,"224"
849,"243"
850,"243"
851,"243"
852,"303"
853,"142"
854,"245"
855,"346"
856,"343"
857,"94"
858,"97"
859,"15"
860,"305"
861,"166"
862,"208"
863,"364"
864,"305"
865,"238"
866,"243"
867,"243"
868,"243"
869,"243"
870,"336"
871,"156"
872,"143"
873,"143"
874,"147"
875,"152"
876,"156"
877,"150"
878,"131"
879,"450"
880,"78"
881,"415"
882,"187"
883,"65"
884,"418"
885,"78"
886,"362"
887,"345"
888,"368"
889,"376"
890,"348"
891,"346"
892,"363"
893,"291"
894,"287"
895,"297"
896,"269"
897,"266"
898,"261"
899,"257"
900,"261"
901,"266"
902,"269"
903,"266"
904,"283"
905,"266"
906,"266"
907,"264"
908,"258"
909,"314"
910,"189"
911,"189"
912,"189"
913,"251"
914,"262"
915,"262"
916,"262"
917,"255"
918,"255"
919,"255"
920,"258"
921,"261"
922,"256"
923,"241"
924,"171"
925,"193"
926,"193"
927,"193"
928,"244"
929,"244"
930,"187"
931,"202"
932,"333"
933,"200"
934,"200"
935,"193"
936,"187"
937,"187"
938,"232"
939,"94"
940,"82"
941,"133"
942,"535"
943,"540"
944,"531"
945,"540"
946,"664"
947,"418"
948,"451"
949,"289"
950,"327"
951,"376"
952,"134"
953,"155"
954,"199"
955,"371"
956,"487"
957,"113"
958,"117"
959,"174"
960,"328"
961,"328"
962,"328"
963,"340"
964,"328"
965,"340"
966,"340"
967,"340"
968,"332"
969,"576"
970,"576"
971,"593"
972,"542"
973,"229"
974,"240"
975,"240"
976,"251"
977,"376"
978,"376"
979,"396"
980,"463"
981,"455"
982,"487"
983,"503"
984,"503"
985,"576"
986,"317"
987,"317"
988,"317"
989,"282"
990,"282"
991,"282"
992,"220"
993,"238"
994,"238"
995,"238"
996,"238"
997,"553"
998,"553"
999,"541"
1000,"537"
1001,"537"
1002,"543"
1003,"543"
1004,"537"
1005,"531"
1006,"506"
1007,"509"
1008,"509"
1009,"509"
1010,"490"
1011,"468"
1012,"462"
1013,"462"
1014,"462"
1015,"462"
1016,"462"
1017,"462"
1018,"448"
1019,"448"
1020,"448"
1021,"448"
1022,"448"
1023,"424"
1024,"424"
1025,"375"
1026,"372"
1027,"361"
1028,"591"
1029,"361"
1030,"361"
1031,"328"
1032,"328"
1033,"328"
1034,"328"
1035,"332"
1036,"516"
1037,"528"
1038,"529"
1039,"527"
1040,"528"
1041,"529"
1042,"527"
1043,"514"
1044,"240"
1045,"153"
1046,"153"
1047,"513"
1048,"568"
1049,"582"
1050,"582"
1051,"568"
1052,"570"
1053,"570"
1054,"565"
1055,"579"
1056,"579"
1057,"579"
1058,"474"
1059,"224"
1060,"208"
1061,"563"
1062,"572"
1063,"545"
1064,"567"
1065,"563"
1066,"563"
1067,"573"
1068,"573"
1069,"573"
1070,"573"
1071,"576"
1072,"579"
1073,"579"
1074,"475"
1075,"389"
1076,"483"
1077,"229"
1078,"229"
1079,"252"
1080,"119"
1081,"119"
1082,"391"
1083,"391"
1084,"492"
1085,"501"
1086,"380"
1087,"369"
1088,"331"
1089,"331"
1090,"331"
1091,"321"
1092,"315"
1093,"315"
1094,"364"
1095,"364"
1096,"371"
1097,"371"
1098,"371"
1099,"391"
1100,"391"
1101,"391"
1102,"391"
1103,"391"
1104,"413"
1105,"423"
1106,"395"
1107,"453"
1108,"453"
1109,"453"
1110,"453"
1111,"454"
1112,"454"
1113,"454"
1114,"454"
1115,"453"
1116,"457"
1117,"454"
1118,"454"
1119,"454"
1120,"454"
1121,"454"
1122,"454"
1123,"454"
1124,"454"
1125,"392"
1126,"364"
1127,"364"
1128,"358"
1129,"358"
1130,"358"
1131,"145"
1132,"180"
1133,"180"
1134,"160"
1135,"155"
1136,"155"
1137,"177"
1138,"177"
1139,"164"
1140,"162"
1141,"162"
1142,"143"
1143,"217"
1144,"217"
1145,"219"
1146,"217"
1147,"217"
1148,"190"
1149,"190"
1150,"190"
1151,"190"
1152,"495"
1153,"495"
1154,"494"
1155,"489"
1156,"489"
1157,"489"
1158,"489"
1159,"489"
1160,"489"
1161,"489"
1162,"489"
1163,"489"
1164,"489"
1165,"489"
1166,"489"
1167,"489"
1168,"489"
1169,"489"
1170,"487"
1171,"487"
1172,"487"
1173,"487"
1174,"487"
1175,"487"
1176,"489"
1177,"487"
1178,"483"
1179,"489"
1180,"489"
1181,"489"
1182,"483"
1183,"483"
1184,"483"
1185,"483"
1186,"483"
1187,"483"
1188,"483"
1189,"483"
1190,"483"
1191,"483"
1192,"487"
1193,"487"
1194,"483"
1195,"494"
1196,"490"
1197,"489"
1198,"490"
1199,"490"
1200,"501"
1201,"501"
1202,"498"
1203,"498"
1204,"498"
1205,"498"
1206,"498"
1207,"498"
1208,"43"
1209,"498"
1210,"492"
1211,"615"
1212,"544"
1213,"446"
1214,"279"
1215,"309"
1216,"296"
1217,"287"
1218,"277"
1219,"277"
1220,"320"
1221,"302"
1222,"281"
1223,"176"
1224,"584"
1225,"232"
1226,"589"
1227,"517"
1228,"420"
1229,"180"
1230,"243"
1231,"244"
1232,"162"
1233,"155"
1234,"277"
1235,"229"
1236,"236"
1237,"246"
1238,"141"
1239,"316"
1240,"219"
1241,"373"
1242,"365"
1243,"302"
1244,"279"
1245,"381"
1246,"340"
1247,"340"
1248,"360"
1249,"360"
1250,"360"
1251,"604"
1252,"604"
1253,"599"
1254,"604"
1255,"599"
1256,"604"
1257,"611"
1258,"599"
1259,"604"
1260,"619"
1261,"228"
1262,"221"
1263,"231"
1264,"357"
1265,"105"
1266,"515"
1267,"394"
1268,"548"
1269,"561"
1270,"522"
1271,"586"
1272,"595"
1273,"597"
1274,"592"
1275,"586"
1276,"269"
1277,"176"
1278,"446"
1279,"446"
1280,"444"
1281,"435"
1282,"362"
1283,"372"
1284,"374"
1285,"388"
1286,"330"
1287,"267"
1288,"281"
1289,"380"
1290,"375"
1291,"376"
1292,"307"
1293,"144"
1294,"148"
1295,"144"
1296,"266"
1297,"284"
1298,"261"
1299,"498"
1485,"571"
1300,"293"
1301,"290"
1302,"295"
1303,"302"
1304,"303"
1305,"289"
1306,"204"
1307,"126"
1308,"489"
1309,"608"
1310,"228"
1311,"77"
1312,"125"
1313,"28"
1314,"32"
1315,"9"
1316,"27"
1317,"680"
1318,"187"
1319,"88"
1320,"105"
1321,"48"
1322,"44"
1323,"71"
1324,"337"
1325,"244"
1326,"282"
1327,"282"
1328,"72"
1329,"260"
1330,"251"
1331,"260"
1332,"268"
1333,"246"
1334,"72"
1335,"533"
1336,"509"
1337,"509"
1338,"506"
1339,"506"
1340,"526"
1341,"526"
1342,"531"
1343,"531"
1344,"537"
1345,"537"
1346,"543"
1347,"543"
1348,"537"
1349,"541"
1350,"541"
1351,"541"
1352,"551"
1353,"551"
1354,"554"
1355,"556"
1356,"556"
1357,"553"
1358,"553"
1359,"562"
1360,"562"
1361,"562"
1362,"572"
1363,"579"
1364,"579"
1365,"579"
1366,"565"
1367,"579"
1368,"570"
1369,"576"
1370,"576"
1371,"574"
1372,"574"
1486,"600"
1373,"576"
1374,"578"
1375,"578"
1376,"291"
1377,"501"
1378,"568"
1379,"468"
1380,"468"
1381,"568"
1382,"561"
1383,"562"
1384,"563"
1385,"568"
1386,"523"
1387,"533"
1388,"500"
1389,"455"
1390,"455"
1391,"387"
1392,"365"
1393,"349"
1394,"336"
1395,"306"
1396,"284"
1397,"266"
1398,"221"
1399,"221"
1400,"208"
1401,"208"
1402,"198"
1403,"189"
1404,"152"
1405,"141"
1406,"135"
1407,"132"
1408,"121"
1409,"119"
1410,"490"
1411,"488"
1412,"462"
1413,"462"
1414,"609"
1415,"576"
1416,"503"
1417,"487"
1418,"466"
1419,"466"
1420,"470"
1421,"429"
1422,"425"
1423,"412"
1424,"414"
1425,"401"
1426,"396"
1427,"381"
1428,"380"
1429,"389"
1430,"365"
1431,"376"
1432,"387"
1433,"386"
1434,"353"
1435,"332"
1436,"292"
1437,"251"
1438,"240"
1439,"229"
1440,"384"
1441,"430"
1442,"531"
1443,"533"
1487,"597"
1444,"351"
1445,"362"
1446,"357"
1447,"223"
1448,"207"
1449,"201"
1450,"222"
1451,"222"
1452,"530"
1453,"560"
1454,"533"
1455,"357"
1456,"357"
1457,"294"
1458,"317"
1459,"311"
1460,"288"
1461,"310"
1462,"305"
1463,"298"
1464,"299"
1465,"229"
1466,"286"
1467,"298"
1468,"297"
1469,"279"
1470,"270"
1471,"239"
1472,"359"
1473,"556"
1474,"726"
1475,"252"
1476,"274"
1477,"182"
1478,"296"
1479,"613"
1480,"619"
1481,"593"
1482,"511"
1483,"540"
1484,"517"
1488,"596"
1489,"586"
1490,"552"
1491,"614"
1492,"625"
1493,"656"
1494,"638"
1495,"489"
1496,"509"
1497,"546"
1498,"512"
1499,"538"
1500,"485"
1501,"301"
1502,"354"
1503,"305"
1504,"478"
1505,"230"
1506,"604"
1507,"500"
1508,"292"
1509,"557"
1510,"759"
1511,"157"
1512,"164"
1513,"539"
1514,"623"
1515,"745"
1516,"629"
1517,"657"
1518,"604"
1519,"530"
1520,"627"
1521,"698"
1522,"699"
1523,"231"
1524,"200"
1525,"173"
1526,"376"
1527,"98"
1528,"105"
1529,"87"
1530,"79"
1531,"87"
1532,"95"
1533,"364"
1534,"98"
1535,"102"
1536,"255"
1537,"244"
1538,"261"
1539,"265"
1540,"282"
1541,"317"
1542,"311"
1543,"311"
1544,"98"
1545,"107"
1546,"667"
1547,"602"
1548,"678"
1549,"176"
1550,"90"
1551,"90"
1552,"93"
1553,"101"
1554,"93"
1555,"102"
1556,"88"
1557,"288"
1558,"226"
1559,"229"
1560,"422"
1561,"267"
1562,"254"
1563,"268"
1564,"473"
1565,"579"
1566,"473"
1567,"227"
1568,"308"
1569,"227"
1570,"229"
1571,"314"
1572,"96"
1573,"207"
1574,"255"
1575,"204"
1576,"428"
1577,"301"
1578,"301"
1579,"219"
1580,"236"
1581,"466"
1582,"260"
1583,"260"
1584,"260"
1585,"260"
1586,"270"
1587,"270"
1588,"270"
1589,"270"
1590,"270"
1591,"618"
1592,"267"
1593,"139"
1594,"623"
1595,"244"
1596,"251"
1597,"244"
1598,"236"
1599,"232"
1600,"616"
1601,"270"
1602,"270"
1603,"270"
1604,"270"
1605,"242"
1606,"242"
1607,"242"
1608,"242"
1609,"242"
1610,"242"
1611,"255"
1612,"255"
1613,"255"
1614,"255"
1615,"244"
1616,"244"
1617,"244"
1618,"244"
1619,"259"
1620,"244"
1621,"259"
1622,"343"
1623,"244"
1624,"73"
1625,"603"
1626,"669"
1627,"245"
1628,"358"
1629,"294"
1630,"696"
1631,"616"
1632,"778"
1633,"448"
1634,"676"
1635,"503"
1636,"426"
1637,"413"
1638,"553"
1639,"709"
1640,"230"
1641,"230"
1642,"230"
1643,"230"
1644,"222"
1645,"222"
1646,"222"
1647,"222"
1648,"222"
1649,"184"
1650,"184"
1651,"184"
1652,"184"
1653,"184"
1654,"184"
1655,"184"
1656,"174"
1657,"174"
1658,"174"
1659,"174"
1660,"174"
1661,"185"
1662,"184"
1663,"184"
1664,"184"
1665,"185"
1666,"396"
1667,"396"
1668,"396"
1669,"254"
1670,"268"
1671,"499"
1672,"72"
1673,"241"
1674,"558"
1675,"744"
1676,"660"
1677,"504"
1678,"341"
1679,"334"
1680,"89"
1681,"302"
1682,"422"
1683,"381"
1684,"90"
1685,"425"
1686,"534"
1687,"594"
1688,"489"
1689,"362"
1690,"380"
1691,"229"
1692,"231"
1693,"418"
1694,"807"
1695,"757"
1696,"215"
1697,"263"
1698,"303"
1699,"307"
1700,"241"
1701,"232"
1702,"293"
1703,"249"
1704,"320"
1705,"439"
1706,"387"
1707,"356"
1708,"287"
1709,"270"
1710,"270"
1711,"329"
1712,"495"
1713,"313"
1714,"161"
1715,"379"
1716,"332"
1717,"294"
1718,"334"
1719,"313"
1720,"320"
1721,"311"
1722,"313"
1723,"312"
1724,"330"
1725,"289"
1726,"286"
1727,"302"
1728,"386"
1729,"384"
1730,"408"
1731,"380"
1732,"367"
1733,"307"
1734,"308"
1735,"69"
1736,"139"
1737,"364"
1738,"103"
1739,"471"
1740,"461"
1741,"470"
1742,"323"
1743,"323"
1744,"321"
1745,"321"
1746,"110"
1747,"110"
1748,"110"
1749,"110"
1750,"106"
1751,"95"
1752,"102"
1753,"102"
1754,"110"
1755,"106"
1756,"106"
1757,"532"
1758,"289"
1759,"210"
1760,"394"
1761,"307"
1762,"320"
1763,"332"
1764,"331"
1765,"328"
1766,"302"
1767,"290"
1768,"289"
1769,"280"
1770,"300"
1771,"238"
1772,"123"
1773,"456"
1774,"494"
1775,"431"
1776,"434"
1777,"434"
1778,"434"
1779,"428"
1780,"444"
1781,"448"
1782,"421"
1783,"432"
1784,"432"
1785,"432"
1786,"71"
1787,"560"
1788,"660"
1789,"461"
1790,"124"
1791,"121"
1792,"97"
1793,"125"
1794,"162"
1795,"154"
1796,"342"
1797,"314"
1798,"569"
1799,"501"
1800,"504"
1801,"506"
1802,"504"
1803,"504"
1804,"480"
1805,"544"
1806,"558"
1807,"557"
1808,"544"
1809,"541"
1810,"558"
1811,"601"
1812,"411"
1813,"219"
1814,"659"
1815,"616"
1816,"434"
1817,"434"
1818,"444"
1819,"448"
1820,"433"
1821,"420"
1822,"366"
1823,"250"
1824,"389"
1825,"548"
1826,"434"
1827,"432"
1828,"433"
1829,"433"
1830,"422"
1831,"564"
1832,"577"
1833,"352"
1834,"200"
1835,"195"
1836,"195"
1837,"195"
1838,"184"
1839,"184"
1840,"195"
1841,"200"
1842,"200"
1843,"195"
1844,"200"
1845,"200"
1846,"195"
1847,"185"
1848,"195"
1849,"185"
1850,"195"
1851,"195"
1852,"195"
1853,"184"
1854,"184"
1855,"208"
1856,"208"
1857,"208"
1858,"184"
1859,"184"
1860,"195"
1861,"378"
1862,"361"
1863,"378"
1864,"378"
1865,"378"
1866,"378"
1867,"378"
1868,"378"
1869,"378"
1870,"378"
1871,"378"
1872,"361"
1873,"378"
1874,"378"
1875,"378"
1876,"378"
1877,"378"
1878,"378"
1879,"162"
1880,"345"
1881,"184"
1882,"174"
1883,"378"
1884,"378"
1885,"378"
1886,"347"
1887,"378"
1888,"378"
1889,"378"
1890,"195"
1891,"485"
1892,"102"
1893,"49"
1894,"184"
1895,"51"
1896,"194"
1897,"116"
1898,"272"
1899,"267"
1900,"460"
1901,"513"
1902,"623"
1903,"621"
1904,"626"
1905,"190"
1906,"281"
1907,"291"
1908,"247"
1909,"476"
1910,"274"
1911,"229"
1912,"225"
1913,"218"
1914,"221"
1915,"176"
1916,"250"
1917,"209"
1918,"234"
1919,"234"
1920,"244"
1921,"260"
1922,"299"
1923,"334"
1924,"351"
1925,"282"
1926,"286"
1927,"316"
1928,"247"
1929,"325"
1930,"255"
1931,"236"
1932,"352"
1933,"174"
1934,"174"
1935,"174"
1936,"174"
1937,"174"
1938,"174"
1939,"174"
1940,"537"
1941,"337"
1942,"161"
1943,"159"
1944,"158"
1945,"158"
1946,"154"
1947,"155"
1948,"153"
1949,"155"
1950,"157"
1951,"157"
1952,"157"
1953,"159"
1954,"156"
1955,"159"
1956,"153"
1957,"159"
1958,"153"
1959,"153"
1960,"154"
1961,"718"
1962,"689"
1963,"677"
1964,"677"
1965,"664"
1966,"664"
1967,"610"
1968,"602"
1969,"578"
1970,"552"
1971,"578"
1972,"624"
1973,"573"
1974,"580"
1975,"540"
1976,"184"
1977,"476"
1978,"503"
1979,"92"
1980,"418"
1981,"397"
1982,"331"
1983,"485"
1984,"480"
1985,"459"
1986,"448"
1987,"168"
1988,"563"
1989,"271"
1990,"513"
1991,"137"
1992,"137"
1993,"110"
1994,"280"
1995,"366"
1996,"93"
1997,"504"
1998,"310"
1999,"372"
2000,"366"
2316,"83"
2001,"348"
2002,"267"
2003,"634"
2004,"428"
2005,"360"
2006,"337"
2007,"577"
2008,"457"
2009,"240"
2010,"525"
2011,"421"
2012,"148"
2013,"233"
2014,"199"
2015,"156"
2016,"267"
2017,"285"
2018,"227"
2019,"197"
2020,"361"
2021,"372"
2022,"320"
2023,"354"
2024,"147"
2025,"149"
2026,"144"
2027,"279"
2028,"209"
2029,"379"
2030,"368"
2031,"382"
2032,"201"
2033,"369"
2034,"391"
2035,"346"
2036,"371"
2037,"384"
2038,"314"
2039,"301"
2040,"389"
2041,"390"
2042,"309"
2043,"189"
2044,"141"
2045,"208"
2046,"236"
2047,"133"
2048,"228"
2049,"320"
2050,"181"
2051,"147"
2052,"576"
2053,"364"
2054,"419"
2055,"532"
2056,"603"
2057,"449"
2058,"347"
2059,"527"
2060,"271"
2061,"78"
2062,"82"
2063,"82"
2064,"244"
2065,"294"
2066,"274"
2067,"303"
2068,"471"
2069,"488"
2070,"455"
2071,"455"
2072,"470"
2073,"445"
2074,"360"
2075,"455"
2076,"427"
2077,"502"
2078,"315"
2079,"292"
2080,"308"
2081,"372"
2082,"418"
2083,"442"
2084,"337"
2085,"309"
2086,"244"
2087,"90"
2088,"378"
2089,"254"
2090,"476"
2091,"400"
2092,"420"
2093,"376"
2094,"413"
2095,"444"
2096,"443"
2097,"394"
2098,"428"
2099,"445"
2100,"393"
2101,"479"
2102,"476"
2103,"425"
2104,"479"
2105,"460"
2106,"440"
2107,"391"
2108,"357"
2109,"375"
2110,"403"
2111,"472"
2112,"85"
2113,"440"
2114,"455"
2115,"667"
2116,"320"
2117,"82"
2118,"295"
2119,"368"
2120,"101"
2121,"151"
2122,"391"
2123,"367"
2124,"362"
2125,"403"
2126,"301"
2127,"345"
2128,"422"
2129,"460"
2130,"486"
2131,"397"
2132,"429"
2133,"632"
2134,"396"
2135,"530"
2136,"616"
2137,"570"
2138,"238"
2139,"258"
2140,"328"
2141,"466"
2142,"413"
2143,"432"
2144,"321"
2145,"566"
2146,"558"
2147,"470"
2148,"624"
2149,"620"
2150,"454"
2151,"591"
2365,"494"
2152,"49"
2153,"414"
2154,"490"
2155,"194"
2156,"578"
2157,"596"
2158,"543"
2159,"233"
2160,"465"
2161,"399"
2162,"339"
2163,"114"
2164,"268"
2165,"82"
2166,"82"
2167,"218"
2168,"473"
2169,"195"
2170,"146"
2171,"372"
2172,"518"
2173,"54"
2174,"403"
2175,"211"
2176,"311"
2177,"242"
2178,"319"
2179,"466"
2180,"110"
2181,"259"
2182,"259"
2183,"396"
2184,"296"
2185,"357"
2186,"391"
2187,"340"
2188,"402"
2189,"382"
2190,"321"
2191,"319"
2192,"234"
2193,"324"
2194,"409"
2195,"518"
2196,"318"
2197,"294"
2198,"450"
2199,"407"
2200,"137"
2201,"150"
2202,"202"
2203,"234"
2204,"213"
2205,"383"
2206,"420"
2207,"392"
2208,"485"
2209,"455"
2210,"653"
2211,"661"
2212,"752"
2213,"654"
2214,"242"
2215,"245"
2216,"346"
2217,"316"
2218,"351"
2219,"373"
2220,"436"
2221,"627"
2222,"492"
2223,"469"
2224,"486"
2225,"523"
2226,"383"
2227,"329"
2228,"474"
2229,"456"
2230,"514"
2231,"453"
2232,"455"
2233,"409"
2234,"411"
2235,"404"
2236,"428"
2237,"430"
2238,"105"
2239,"146"
2240,"304"
2241,"202"
2242,"202"
2243,"190"
2244,"261"
2245,"307"
2246,"142"
2247,"249"
2248,"514"
2249,"176"
2250,"404"
2251,"568"
2252,"536"
2253,"444"
2254,"401"
2255,"385"
2256,"370"
2257,"634"
2258,"606"
2259,"435"
2260,"69"
2261,"285"
2262,"449"
2263,"86"
2264,"227"
2265,"675"
2266,"609"
2267,"479"
2268,"508"
2269,"669"
2270,"297"
2271,"424"
2272,"315"
2273,"97"
2274,"76"
2275,"318"
2276,"314"
2277,"385"
2278,"428"
2279,"371"
2280,"696"
2281,"100"
2282,"422"
2283,"317"
2284,"342"
2285,"472"
2286,"312"
2287,"117"
2288,"114"
2289,"364"
2290,"295"
2291,"312"
2292,"311"
2293,"287"
2294,"287"
2295,"286"
2296,"372"
2297,"291"
2298,"500"
2299,"294"
2300,"295"
2301,"218"
2302,"95"
2303,"85"
2304,"92"
2305,"81"
2306,"96"
2307,"96"
2308,"103"
2309,"97"
2310,"81"
2311,"100"
2312,"83"
2313,"100"
2314,"103"
2315,"103"
2317,"382"
2318,"225"
2319,"118"
2320,"118"
2321,"109"
2322,"109"
2323,"109"
2324,"118"
2325,"443"
2326,"437"
2327,"478"
2328,"139"
2329,"577"
2330,"352"
2331,"376"
2332,"376"
2333,"473"
2334,"619"
2335,"574"
2336,"575"
2337,"376"
2338,"154"
2339,"256"
2340,"333"
2341,"148"
2342,"154"
2343,"148"
2344,"144"
2345,"144"
2346,"144"
2347,"98"
2348,"118"
2349,"118"
2350,"413"
2351,"112"
2352,"111"
2353,"319"
2354,"114"
2355,"118"
2356,"114"
2357,"114"
2358,"114"
2359,"114"
2360,"642"
2361,"349"
2362,"352"
2363,"494"
2364,"494"
2366,"482"
2367,"494"
2368,"492"
2369,"494"
2370,"482"
2371,"494"
2372,"482"
2373,"482"
2374,"492"
2375,"492"
2376,"482"
2377,"485"
2378,"482"
2379,"494"
2380,"476"
2381,"492"
2382,"476"
2383,"514"
2384,"476"
2385,"476"
2386,"513"
2387,"516"
2388,"516"
2389,"482"
2390,"471"
2391,"482"
2392,"482"
2393,"482"
2394,"482"
2395,"476"
2396,"24"
2397,"515"
2398,"526"
2399,"577"
2400,"509"
2401,"178"
2402,"172"
2403,"113"
2404,"178"
2405,"689"
2406,"637"
2407,"131"
2408,"265"
2409,"568"
2410,"337"
2411,"413"
2412,"494"
2413,"417"
2414,"373"
2415,"283"
2416,"360"
2417,"369"
2418,"702"
2419,"390"
2420,"345"
2421,"415"
2422,"361"
2423,"316"
2424,"111"
2425,"287"
2426,"259"
2427,"356"
2428,"292"
2429,"290"
2430,"292"
2431,"376"
2432,"482"
2433,"430"
2434,"103"
2435,"296"
2436,"298"
2437,"479"
2438,"455"
2439,"510"
2440,"408"
2441,"277"
2442,"188"
2443,"652"
2444,"131"
2445,"382"
2446,"251"
2447,"432"
2448,"340"
2449,"272"
2450,"117"
2451,"160"
2452,"519"
2453,"347"
2454,"138"
2455,"344"
2456,"305"
2457,"430"
2458,"333"
2459,"170"
2460,"206"
2461,"327"
2462,"107"
2463,"196"
2464,"196"
2465,"196"
2466,"214"
2467,"214"
2468,"264"
2469,"264"
2470,"166"
2471,"160"
2472,"145"
2473,"236"
2474,"278"
2475,"260"
2476,"238"
2477,"260"
2478,"465"
2479,"215"
2480,"245"
2481,"99"
2482,"207"
2483,"186"
2484,"177"
2485,"219"
2486,"186"
2487,"186"
2488,"193"
2489,"186"
2490,"162"
2491,"327"
2492,"113"
2493,"186"
2494,"113"
2495,"653"
2496,"725"
2497,"648"
2498,"338"
2499,"420"
2500,"420"
2501,"297"
2502,"265"
2503,"308"
2504,"186"
2505,"448"
2506,"156"
2507,"63"
2508,"199"
2509,"297"
2510,"691"
2511,"283"
2512,"516"
2513,"433"
2514,"357"
2515,"283"
2516,"283"
2517,"286"
2518,"286"
2519,"286"
2520,"317"
2521,"286"
2522,"317"
2523,"281"
2524,"281"
2525,"273"
2526,"273"
2527,"273"
2528,"298"
2529,"286"
2530,"286"
2531,"318"
2532,"309"
2533,"287"
2534,"281"
2535,"199"
2536,"359"
2537,"348"
2538,"228"
2539,"417"
2540,"348"
2541,"268"
2542,"215"
2543,"225"
2544,"378"
2545,"585"
2546,"473"
2547,"448"
2548,"446"
2549,"448"
2550,"448"
2551,"435"
2552,"364"
2553,"359"
2554,"350"
2555,"392"
2556,"392"
2557,"319"
2558,"582"
2559,"569"
2560,"336"
2561,"331"
2562,"385"
2563,"356"
2564,"415"
2565,"345"
2566,"365"
2567,"348"
2568,"365"
2569,"363"
2570,"347"
2571,"405"
2572,"405"
2573,"389"
2574,"247"
2575,"269"
2576,"364"
2577,"399"
2578,"473"
2579,"324"
2580,"215"
2581,"204"
2582,"204"
2583,"201"
2584,"184"
2585,"201"
2586,"316"
2587,"214"
2588,"504"
2589,"270"
2590,"285"
2591,"612"
2592,"611"
2593,"611"
2594,"511"
2595,"365"
2596,"365"
2597,"341"
2598,"372"
2599,"316"
2600,"334"
2601,"382"
2602,"198"
2603,"208"
2604,"220"
2605,"217"
2606,"183"
2607,"174"
2608,"167"
2609,"158"
2610,"159"
2611,"482"
2612,"457"
2613,"458"
2614,"458"
2615,"658"
2616,"264"
2617,"382"
2618,"371"
2619,"330"
2620,"608"
2621,"102"
2622,"216"
2623,"193"
2624,"178"
2625,"202"
2626,"159"
2627,"256"
2628,"2"
2629,"10"
2630,"391"
2631,"391"
2632,"383"
2633,"165"
2634,"642"
2635,"595"
2636,"638"
2637,"588"
2638,"541"
2639,"324"
2640,"83"
2641,"83"
2642,"107"
2643,"525"
2644,"525"
2645,"463"
2646,"465"
2647,"473"
2648,"520"
2649,"545"
2650,"545"
2651,"583"
2652,"513"
2653,"469"
2654,"205"
2655,"224"
2656,"226"
2657,"175"
2658,"175"
2659,"172"
2660,"158"
2661,"451"
2662,"403"
2663,"75"
2664,"243"
2665,"105"
2666,"105"
2667,"345"
2668,"364"
2669,"360"
2670,"368"
2671,"368"
2672,"373"
2673,"376"
2674,"376"
2675,"382"
2676,"368"
2677,"364"
2678,"338"
2679,"330"
2680,"343"
2681,"592"
2682,"564"
2683,"529"
2684,"452"
2685,"592"
2686,"651"
2687,"324"
2688,"352"
2689,"354"
2690,"352"
2691,"470"
2692,"489"
2693,"97"
2694,"654"
2695,"210"
2696,"190"
2697,"166"
2698,"203"
2699,"214"
2700,"568"
2701,"459"
2702,"610"
2703,"610"
2704,"402"
2705,"362"
2706,"115"
2707,"361"
2708,"379"
2709,"552"
2710,"215"
2711,"515"
2712,"629"
2713,"462"
2714,"450"
2715,"349"
2716,"102"
2717,"227"
2718,"227"
2719,"227"
2720,"227"
2721,"227"
2722,"227"
2723,"238"
2724,"232"
2725,"229"
2726,"229"
2727,"229"
2728,"244"
2729,"229"
2730,"245"
2731,"242"
2732,"470"
2733,"381"
2734,"381"
2735,"253"
2736,"236"
2737,"232"
2738,"243"
2739,"253"
2740,"252"
2741,"252"
2742,"371"
2743,"110"
2744,"105"
2745,"110"
2746,"98"
2747,"107"
2748,"88"
2749,"629"
2750,"341"
2751,"94"
2752,"322"
2753,"282"
2754,"295"
2755,"255"
2756,"96"
2757,"204"
2758,"36"
2759,"66"
2760,"112"
2761,"110"
2762,"351"
2763,"330"
2764,"150"
2765,"158"
2766,"158"
2767,"158"
2768,"351"
2769,"392"
2770,"362"
2771,"119"
2772,"397"
2773,"432"
2774,"80"
2775,"115"
2776,"334"
2777,"294"
2778,"288"
2779,"299"
2780,"454"
2781,"397"
2782,"171"
2783,"105"
2784,"98"
2785,"112"
2786,"401"
2787,"98"
2788,"532"
2789,"137"
2790,"299"
2791,"289"
2792,"290"
2793,"119"
2794,"416"
2795,"187"
2796,"240"
2797,"242"
2798,"242"
2799,"227"
2800,"96"
2801,"96"
2802,"294"
2803,"285"
2804,"271"
2805,"450"
2806,"94"
2807,"119"
2808,"349"
2809,"287"
2810,"302"
2811,"379"
2812,"316"
2813,"149"
2814,"429"
2815,"480"
2816,"137"
2817,"69"
2818,"391"
2819,"398"
2820,"381"
2821,"108"
2822,"105"
2823,"201"
2824,"113"
2825,"81"
2826,"81"
2827,"513"
2828,"501"
2829,"479"
2830,"464"
2831,"255"
2832,"144"
2833,"357"
2834,"498"
2835,"208"
2836,"261"
2837,"253"
2838,"380"
2839,"340"
2840,"442"
2841,"442"
2842,"449"
2843,"449"
2844,"446"
2845,"449"
2846,"442"
2847,"451"
2848,"451"
2849,"625"
2850,"105"
2851,"455"
2852,"460"
2853,"460"
2854,"449"
2855,"437"
2856,"437"
2857,"430"
2858,"430"
2859,"442"
2860,"440"
2861,"440"
2862,"442"
2863,"440"
2864,"277"
2865,"423"
2866,"166"
2867,"189"
2868,"441"
2869,"443"
2870,"435"
2871,"439"
2872,"492"
2873,"160"
2874,"511"
2875,"536"
2876,"427"
2877,"261"
2878,"501"
2879,"387"
2880,"230"
2881,"232"
2882,"227"
2883,"227"
2884,"227"
2885,"227"
2886,"387"
2887,"379"
2888,"370"
2889,"378"
2890,"378"
2891,"378"
2892,"383"
2893,"396"
2894,"386"
2895,"440"
2896,"234"
2897,"238"
2898,"282"
2899,"497"
2900,"620"
2901,"620"
2902,"620"
2903,"620"
2904,"625"
2905,"620"
2906,"620"
2907,"625"
2908,"625"
2909,"625"
2910,"625"
2911,"625"
2912,"617"
2913,"617"
2914,"617"
2915,"617"
2916,"629"
2917,"629"
2918,"614"
2919,"629"
2920,"625"
2921,"629"
2922,"638"
2923,"629"
2924,"617"
2925,"627"
2926,"590"
2927,"588"
2928,"588"
2929,"588"
2930,"588"
2931,"588"
2932,"591"
2933,"588"
2934,"588"
2935,"588"
2936,"588"
2937,"590"
2938,"594"
2939,"588"
2940,"594"
2941,"588"
2942,"588"
2943,"594"
2944,"588"
2945,"588"
2946,"588"
2947,"577"
2948,"588"
2949,"588"
2950,"588"
2951,"588"
2952,"588"
2953,"594"
2954,"539"
2955,"513"
2956,"539"
2957,"542"
2958,"534"
2959,"539"
2960,"534"
2961,"534"
2962,"513"
2963,"509"
2964,"513"
2965,"534"
2966,"539"
2967,"534"
2968,"513"
2969,"534"
2970,"509"
2971,"654"
2972,"680"
2973,"649"
2974,"680"
2975,"662"
2976,"690"
2977,"671"
2978,"670"
2979,"670"
2980,"690"
2981,"670"
2982,"678"
2983,"678"
2984,"690"
2985,"678"
2986,"686"
2987,"690"
2988,"686"
2989,"683"
2990,"678"
2991,"700"
2992,"678"
2993,"690"
2994,"649"
2995,"682"
2996,"667"
2997,"676"
2998,"683"
2999,"604"
3000,"676"
3001,"683"
3002,"698"
3003,"690"
3004,"703"
3005,"698"
3006,"703"
3007,"698"
3008,"597"
3009,"578"
3010,"588"
3011,"597"
3012,"609"
3013,"609"
3014,"609"
3015,"588"
3016,"596"
3017,"594"
3018,"596"
3019,"594"
3020,"594"
3021,"594"
3022,"596"
3023,"597"
3024,"578"
3025,"491"
3026,"483"
3027,"494"
3028,"483"
3029,"492"
3030,"483"
3031,"492"
3032,"491"
3033,"489"
3034,"489"
3035,"590"
3036,"594"
3037,"590"
3038,"585"
3039,"590"
3040,"590"
3041,"596"
3042,"596"
3043,"596"
3044,"596"
3045,"582"
3046,"572"
3047,"582"
3048,"559"
3049,"564"
3050,"606"
3051,"559"
3052,"559"
3053,"606"
3054,"559"
3055,"559"
3056,"582"
3057,"559"
3058,"559"
3059,"564"
3060,"564"
3061,"571"
3062,"444"
3063,"413"
3064,"483"
3065,"381"
3066,"635"
3067,"708"
3068,"547"
3069,"374"
3070,"141"
3071,"361"
3072,"570"
3073,"551"
3074,"145"
3075,"220"
3076,"369"
3077,"264"
3078,"254"
3079,"390"
3080,"390"
3081,"362"
3082,"432"
3083,"291"
3084,"370"
3085,"350"
3086,"361"
3087,"403"
3088,"69"
3089,"825"
3090,"362"
3091,"12"
3092,"57"
3093,"466"
3094,"459"
3095,"385"
3096,"213"
3097,"161"
3098,"627"
3099,"474"
3100,"469"
3101,"494"
3102,"337"
3103,"148"
3104,"414"
3105,"412"
3106,"642"
3107,"497"
3108,"438"
3109,"449"
3110,"282"
3111,"300"
3112,"127"
3113,"333"
3114,"233"
3115,"408"
3116,"376"
3117,"406"
3118,"408"
3119,"256"
3120,"267"
3121,"368"
3122,"552"
3123,"452"
3124,"98"
3125,"120"
3126,"512"
3127,"86"
3128,"529"
3129,"449"
3130,"90"
3131,"100"
3132,"96"
3133,"25"
3134,"279"
3135,"476"
3136,"511"
3137,"459"
3138,"121"
3139,"210"
3140,"458"
3141,"489"
3142,"314"
3143,"313"
3144,"308"
3145,"279"
3146,"299"
3147,"314"
3148,"339"
3149,"321"
3150,"344"
3151,"134"
3152,"319"
3153,"288"
3154,"324"
3155,"581"
3156,"434"
3157,"573"
3158,"533"
3159,"232"
3160,"266"
3161,"278"
3162,"318"
3163,"315"
3164,"236"
3165,"212"
3166,"315"
3167,"207"
3168,"192"
3169,"227"
3170,"308"
3171,"236"
3172,"259"
3173,"337"
3174,"306"
3175,"283"
3176,"314"
3177,"323"
3178,"366"
3179,"230"
3180,"249"
3181,"240"
3182,"169"
3183,"217"
3184,"257"
3185,"318"
3186,"563"
3187,"504"
3188,"504"
3189,"476"
3190,"533"
3191,"543"
3192,"350"
3193,"592"
3194,"544"
3195,"544"
3196,"560"
3197,"242"
3198,"242"
3199,"242"
3200,"242"
3201,"232"
3202,"238"
3203,"238"
3204,"238"
3205,"252"
3206,"260"
3207,"238"
3208,"238"
3209,"242"
3210,"242"
3211,"242"
3212,"242"
3213,"252"
3214,"230"
3215,"238"
3216,"520"
3217,"388"
3218,"362"
3219,"529"
3220,"31"
3221,"326"
3222,"526"
3223,"569"
3224,"443"
3225,"613"
3226,"65"
3227,"187"
3228,"430"
3229,"430"
3230,"272"
3231,"471"
3232,"610"
3233,"527"
3234,"555"
3235,"263"
3236,"83"
3237,"81"
3238,"515"
3239,"88"
3240,"411"
3241,"607"
3242,"380"
3243,"505"
3244,"506"
3245,"387"
3246,"554"
3247,"570"
3248,"72"
3249,"11"
3250,"11"
3251,"524"
3252,"499"
3253,"511"
3254,"621"
3255,"248"
3256,"516"
3257,"99"
3258,"367"
3259,"295"
3260,"381"
3261,"373"
3262,"374"
3263,"376"
3264,"552"
3265,"323"
3266,"10"
3267,"215"
3268,"559"
3269,"110"
3270,"112"
3271,"301"
3272,"444"
3273,"423"
3274,"430"
3275,"10"
3276,"58"
3277,"222"
3278,"448"
3279,"474"
3280,"133"
3281,"137"
3282,"519"
3283,"495"
3284,"561"
3285,"389"
3286,"464"
3287,"451"
3288,"460"
3289,"437"
3290,"570"
3291,"83"
3292,"287"
3293,"303"
3294,"305"
3295,"301"
3296,"290"
3297,"272"
3298,"299"
3299,"235"
3300,"495"
3301,"616"
3302,"237"
3303,"701"
3304,"625"
3305,"515"
3306,"599"
3307,"534"
3308,"579"
3309,"572"
3310,"621"
3311,"578"
3312,"588"
3313,"586"
3314,"576"
3315,"576"
3316,"525"
3317,"525"
3318,"572"
3319,"551"
3320,"586"
3321,"204"
3322,"222"
3323,"133"
3324,"526"
3325,"555"
3326,"527"
3327,"604"
3328,"193"
3329,"165"
3330,"105"
3331,"431"
3332,"111"
3333,"111"
3334,"499"
3335,"145"
3336,"108"
3337,"605"
3338,"602"
3339,"581"
3340,"595"
3341,"603"
3342,"579"
3343,"545"
3344,"302"
3345,"566"
3346,"479"
3347,"200"
3348,"550"
3349,"253"
3350,"243"
3351,"515"
3352,"393"
3353,"450"
3354,"445"
3355,"440"
3356,"429"
3357,"429"
3358,"429"
3359,"451"
3360,"442"
3361,"466"
3362,"476"
3363,"476"
3364,"476"
3365,"500"
3366,"218"
3367,"449"
3368,"449"
3369,"445"
3370,"445"
3371,"437"
3372,"443"
3373,"445"
3374,"445"
3375,"454"
3376,"454"
3377,"454"
3378,"437"
3379,"205"
3380,"83"
3381,"377"
3382,"415"
3383,"413"
3384,"416"
3385,"415"
3386,"234"
3387,"447"
3388,"307"
3389,"275"
3390,"268"
3391,"261"
3392,"379"
3393,"302"
3394,"185"
3395,"275"
3396,"317"
3397,"128"
3398,"169"
3399,"100"
3400,"504"
3401,"504"
3402,"449"
3403,"449"
3404,"449"
3405,"449"
3406,"449"
3407,"293"
3408,"69"
3409,"415"
3410,"320"
3411,"356"
3412,"345"
3413,"351"
3414,"66"
3415,"281"
3416,"266"
3417,"314"
3418,"87"
3419,"117"
3420,"395"
3421,"287"
3422,"314"
3423,"297"
3424,"239"
3425,"314"
3426,"553"
3427,"408"
3428,"379"
3429,"454"
3430,"315"
3431,"302"
3432,"297"
3433,"315"
3434,"329"
3435,"337"
3436,"308"
3437,"129"
3438,"117"
3439,"125"
3440,"129"
3441,"579"
3442,"319"
3443,"192"
3444,"82"
3445,"503"
3446,"503"
3447,"504"
3448,"314"
3449,"177"
3450,"397"
3451,"201"
3452,"88"
3453,"305"
3454,"305"
3455,"121"
3456,"345"
3457,"314"
3458,"115"
3459,"98"
3460,"98"
3461,"95"
3462,"95"
3463,"115"
3464,"96"
3465,"96"
3466,"167"
3467,"187"
3468,"217"
3469,"154"
3470,"524"
3471,"58"
3472,"245"
3473,"326"
3474,"370"
3475,"245"
3476,"245"
3477,"245"
3478,"238"
3479,"238"
3480,"242"
3481,"234"
3482,"234"
3483,"234"
3484,"244"
3485,"244"
3486,"644"
3487,"585"
3488,"234"
3489,"230"
3490,"223"
3491,"234"
3492,"230"
3493,"230"
3494,"230"
3495,"230"
3496,"227"
3497,"227"
3498,"227"
3499,"227"
3500,"227"
3501,"227"
3502,"227"
3503,"227"
3504,"227"
3505,"227"
3506,"227"
3507,"317"
3508,"238"
3509,"238"
3510,"234"
3511,"234"
3512,"245"
3513,"245"
3514,"260"
3515,"244"
3516,"232"
3517,"191"
3518,"196"
3519,"420"
3520,"435"
3521,"435"
3522,"504"
3523,"426"
3524,"426"
3525,"405"
3526,"405"
3527,"476"
3528,"476"
3529,"486"
3530,"486"
3531,"487"
3532,"476"
3533,"487"
3534,"476"
3535,"487"
3536,"487"
3537,"197"
3538,"104"
3539,"322"
3540,"484"
3541,"320"
3542,"535"
3543,"535"
3544,"535"
3545,"535"
3546,"525"
3547,"524"
3548,"432"
3549,"197"
3550,"243"
3551,"243"
3552,"243"
3553,"238"
3554,"224"
3555,"224"
3556,"224"
3557,"224"
3558,"224"
3559,"253"
3560,"236"
3561,"251"
3562,"225"
3563,"225"
3564,"225"
3565,"251"
3566,"251"
3567,"251"
3568,"669"
3569,"151"
3570,"149"
3571,"142"
3572,"413"
3573,"285"
3574,"295"
3575,"482"
3576,"482"
3577,"476"
3578,"482"
3579,"476"
3580,"482"
3581,"482"
3582,"476"
3583,"476"
3584,"476"
3585,"514"
3586,"500"
3587,"476"
3588,"110"
3589,"577"
3590,"550"
3591,"87"
3592,"338"
3593,"285"
3594,"519"
3595,"446"
3596,"367"
3597,"439"
3598,"427"
3599,"427"
3600,"98"
3601,"285"
3602,"285"
3603,"406"
3604,"285"
3605,"385"
3606,"294"
3607,"211"
3608,"240"
3609,"526"
3610,"440"
3611,"388"
3612,"388"
3613,"388"
3614,"388"
3615,"432"
3616,"475"
3617,"315"
3618,"179"
3619,"209"
3620,"215"
3621,"339"
3622,"96"
3623,"319"
3624,"394"
3625,"394"
3626,"422"
3627,"446"
3628,"440"
3629,"440"
3630,"439"
3631,"439"
3632,"114"
3633,"200"
3634,"81"
3635,"81"
3636,"81"
3637,"112"
3638,"112"
3639,"427"
3640,"427"
3641,"390"
3642,"393"
3643,"393"
3644,"332"
3645,"356"
3646,"294"
3647,"78"
3648,"77"
3649,"77"
3650,"340"
3651,"340"
3652,"144"
3653,"99"
3654,"93"
3655,"93"
3656,"93"
3657,"652"
3658,"182"
3659,"180"
3660,"164"
3661,"422"
3662,"422"
3663,"255"
3664,"352"
3665,"391"
3666,"398"
3667,"398"
3668,"398"
3669,"441"
3670,"441"
3671,"255"
3672,"431"
3673,"432"
3674,"441"
3675,"440"
3676,"440"
3677,"65"
3678,"431"
3679,"431"
3680,"730"
3681,"254"
3682,"296"
3683,"356"
3684,"67"
3685,"385"
3686,"305"
3687,"164"
3688,"285"
3689,"285"
3690,"317"
3691,"317"
3692,"112"
3693,"164"
3694,"46"
3695,"62"
3696,"304"
3697,"373"
3698,"423"
3699,"241"
3700,"537"
3701,"302"
3702,"129"
3703,"134"
3704,"387"
3705,"387"
3706,"477"
3707,"454"
3708,"454"
3709,"295"
3710,"288"
3711,"293"
3712,"293"
3713,"288"
3714,"288"
3715,"314"
3716,"248"
3717,"78"
3718,"189"
3719,"185"
3720,"88"
3721,"88"
3722,"92"
3723,"92"
3724,"450"
3725,"450"
3726,"450"
3727,"537"
3728,"71"
3729,"357"
3730,"68"
3731,"47"
3732,"131"
3733,"108"
3734,"267"
3735,"387"
3736,"585"
3737,"129"
3738,"127"
3739,"65"
3740,"664"
3741,"127"
3742,"128"
3743,"176"
3744,"313"
3745,"142"
3746,"146"
3747,"407"
3748,"339"
3749,"293"
3750,"114"
3751,"105"
3752,"277"
3753,"290"
3754,"301"
3755,"270"
3756,"239"
3757,"84"
3758,"116"
3759,"430"
3760,"108"
3761,"58"
3762,"22"
3763,"314"
3764,"116"
3765,"696"
3766,"633"
3767,"136"
3768,"725"
3769,"111"
3770,"495"
3771,"497"
3772,"112"
3773,"219"
3774,"582"
3775,"256"
3776,"111"
3777,"43"
3778,"456"
3779,"644"
3780,"235"
3781,"428"
3782,"359"
3783,"350"
3784,"211"
3785,"211"
3786,"211"
3787,"211"
3788,"181"
3789,"181"
3790,"181"
3791,"188"
3792,"188"
3793,"188"
3794,"261"
3795,"296"
3796,"297"
3797,"289"
3798,"288"
3799,"146"
3800,"177"
3801,"287"
3802,"68"
3803,"97"
3804,"146"
3805,"315"
3806,"369"
3807,"150"
3808,"65"
3809,"426"
3810,"426"
3811,"426"
3812,"427"
3813,"426"
3814,"426"
3815,"426"
3816,"424"
3817,"426"
3818,"426"
3819,"426"
3820,"426"
3821,"409"
3822,"586"
3823,"36"
3824,"51"
3825,"46"
3826,"53"
3827,"38"
3828,"53"
3829,"146"
3830,"292"
3831,"105"
3832,"341"
3833,"506"
3834,"692"
3835,"706"
3836,"308"
3837,"92"
3838,"420"
3839,"434"
3840,"654"
3841,"36"
3842,"519"
3843,"535"
3844,"520"
3845,"512"
3846,"518"
3847,"519"
3848,"519"
3849,"518"
3850,"521"
3851,"521"
3852,"519"
3853,"515"
3854,"515"
3855,"518"
3856,"521"
3857,"520"
3858,"526"
3859,"512"
3860,"526"
3861,"512"
3862,"516"
3863,"156"
3864,"136"
3865,"156"
3866,"136"
3867,"151"
3868,"142"
3869,"148"
3870,"148"
3871,"151"
3872,"151"
3873,"142"
3874,"139"
3875,"146"
3876,"137"
3877,"137"
3878,"137"
3879,"137"
3880,"135"
3881,"138"
3882,"145"
3883,"146"
3884,"146"
3885,"146"
3886,"146"
3887,"699"
3888,"139"
3889,"291"
3890,"142"
3891,"213"
3892,"139"
3893,"531"
3894,"130"
3895,"110"
3896,"118"
3897,"102"
3898,"635"
3899,"480"
3900,"337"
3901,"329"
3902,"311"
3903,"288"
3904,"303"
3905,"311"
3906,"432"
3907,"317"
3908,"31"
3909,"31"
3910,"46"
3911,"36"
3912,"414"
3913,"139"
3914,"393"
3915,"393"
3916,"125"
3917,"537"
3918,"529"
3919,"382"
3920,"451"
3921,"522"
3922,"305"
3923,"528"
3924,"307"
3925,"300"
3926,"522"
3927,"303"
3928,"519"
3929,"582"
3930,"582"
3931,"582"
3932,"571"
3933,"529"
3934,"539"
3935,"97"
3936,"557"
3937,"512"
3938,"476"
3939,"89"
3940,"95"
3941,"339"
3942,"271"
3943,"240"
3944,"242"
3945,"195"
3946,"258"
3947,"425"
3948,"152"
3949,"149"
3950,"149"
3951,"259"
3952,"332"
3953,"547"
3954,"425"
3955,"425"
3956,"283"
3957,"379"
3958,"318"
3959,"163"
3960,"268"
3961,"306"
3962,"294"
3963,"512"
3964,"395"
3965,"343"
3966,"203"
3967,"330"
3968,"425"
3969,"294"
3970,"268"
3971,"272"
3972,"288"
3973,"283"
3974,"190"
3975,"524"
3976,"527"
3977,"98"
3978,"98"
3979,"98"
3980,"102"
3981,"102"
3982,"98"
3983,"96"
3984,"531"
3985,"246"
3986,"236"
3987,"176"
3988,"96"
3989,"283"
3990,"396"
3991,"396"
3992,"256"
3993,"370"
3994,"373"
3995,"390"
3996,"370"
3997,"396"
3998,"379"
3999,"158"
4000,"172"
4001,"172"
4002,"369"
4003,"379"
4004,"379"
4005,"390"
4006,"390"
4007,"369"
4008,"369"
4009,"383"
4010,"380"
4011,"58"
4012,"396"
4013,"379"
4014,"379"
4015,"379"
4016,"396"
4017,"390"
4018,"278"
4019,"293"
4020,"305"
4021,"305"
4022,"283"
4023,"283"
4024,"267"
4025,"251"
4026,"451"
4027,"383"
4028,"396"
4029,"396"
4030,"396"
4031,"396"
4032,"396"
4033,"396"
4034,"249"
4035,"235"
4036,"245"
4037,"477"
4038,"559"
4039,"91"
4040,"84"
4041,"96"
4042,"92"
4043,"97"
4044,"238"
4045,"208"
4046,"490"
4047,"233"
4048,"525"
4049,"526"
4050,"512"
4051,"512"
4052,"512"
4053,"539"
4054,"90"
4055,"261"
4056,"267"
4057,"532"
4058,"526"
4059,"170"
4060,"178"
4061,"170"
4062,"176"
4063,"176"
4064,"169"
4065,"189"
4066,"170"
4067,"178"
4068,"185"
4069,"184"
4070,"178"
4071,"178"
4072,"253"
4073,"221"
4074,"280"
4075,"274"
4076,"280"
4077,"90"
4078,"404"
4079,"335"
4080,"176"
4081,"286"
4082,"280"
4083,"287"
4084,"280"
4085,"233"
4086,"277"
4087,"488"
4088,"497"
4089,"238"
4090,"283"
4091,"95"
4092,"103"
4093,"173"
4094,"173"
4095,"173"
4096,"170"
4097,"248"
4098,"272"
4099,"272"
4100,"272"
4101,"269"
4102,"272"
4103,"283"
4104,"272"
4105,"272"
4106,"272"
4107,"283"
4108,"283"
4109,"272"
4110,"283"
4111,"283"
4112,"283"
4113,"274"
4114,"310"
4115,"172"
4116,"172"
4117,"172"
4118,"280"
4119,"81"
4120,"88"
4121,"85"
4122,"262"
4123,"262"
4124,"233"
4125,"277"
4126,"292"
4127,"158"
4128,"158"
4129,"158"
4130,"158"
4131,"484"
4132,"162"
4133,"262"
4134,"186"
4135,"65"
4136,"415"
4137,"408"
4138,"288"
4139,"288"
4140,"294"
4141,"288"
4142,"291"
4143,"257"
4144,"257"
4145,"256"
4146,"256"
4147,"256"
4148,"184"
4149,"259"
4150,"260"
4151,"244"
4152,"361"
4153,"362"
4154,"324"
4155,"324"
4156,"324"
4157,"324"
4158,"524"
4159,"244"
4160,"122"
4161,"105"
4162,"271"
4163,"534"
4164,"316"
4165,"332"
4166,"531"
4167,"608"
4168,"292"
4169,"322"
4170,"435"
4171,"281"
4172,"271"
4173,"281"
4174,"260"
4175,"104"
4176,"242"
4177,"104"
4178,"314"
4179,"104"
4180,"431"
4181,"255"
4182,"129"
4183,"184"
4184,"149"
4185,"141"
4186,"431"
4187,"534"
4188,"535"
4189,"534"
4190,"535"
4191,"534"
4192,"534"
4193,"200"
4194,"200"
4195,"319"
4196,"534"
4197,"524"
4198,"534"
4199,"534"
4200,"534"
4201,"534"
4202,"535"
4203,"406"
4204,"363"
4205,"360"
4206,"349"
4207,"93"
4208,"428"
4209,"428"
4210,"357"
4211,"434"
4212,"351"
4213,"70"
4214,"433"
4215,"368"
4216,"340"
4217,"289"
4218,"368"
4219,"337"
4220,"362"
4221,"357"
4222,"351"
4223,"337"
4224,"337"
4225,"435"
4226,"169"
4227,"126"
4228,"212"
4229,"218"
4230,"207"
4231,"237"
4232,"161"
4233,"148"
4234,"119"
4235,"220"
4236,"156"
4237,"311"
4238,"450"
4239,"286"
4240,"286"
4241,"286"
4242,"286"
4243,"264"
4244,"264"
4245,"270"
4246,"254"
4247,"592"
4248,"289"
4249,"99"
4250,"161"
4251,"161"
4252,"145"
4253,"276"
4254,"70"
4255,"292"
4256,"302"
4257,"115"
4258,"203"
4259,"492"
4260,"259"
4261,"580"
4262,"271"
4263,"266"
4264,"255"
4265,"272"
4266,"266"
4267,"295"
4268,"272"
4269,"305"
4270,"184"
4271,"184"
4272,"184"
4273,"429"
4274,"184"
4275,"185"
4276,"174"
4277,"174"
4278,"174"
4279,"174"
4280,"174"
4281,"417"
4282,"412"
4283,"417"
4284,"443"
4285,"174"
4286,"195"
4287,"184"
4288,"195"
4289,"195"
4290,"195"
4291,"195"
4292,"195"
4293,"195"
4294,"195"
4295,"195"
4296,"195"
4297,"195"
4298,"195"
4299,"195"
4300,"387"
4301,"185"
4302,"487"
4303,"492"
4304,"501"
4305,"313"
4306,"174"
4307,"195"
4308,"222"
4309,"184"
4310,"184"
4311,"195"
4312,"184"
4313,"432"
4314,"243"
4315,"241"
4316,"184"
4317,"184"
4318,"431"
4319,"174"
4320,"184"
4321,"270"
4322,"174"
4323,"264"
4324,"174"
4325,"440"
4326,"174"
4327,"185"
4328,"195"
4329,"184"
4330,"208"
4331,"200"
4332,"184"
4333,"184"
4334,"252"
4335,"184"
4336,"238"
4337,"268"
4338,"288"
4339,"266"
4340,"252"
4341,"252"
4342,"264"
4343,"432"
4344,"259"
4345,"253"
4346,"431"
4347,"431"
4348,"264"
4349,"253"
4350,"253"
4351,"253"
4352,"252"
4353,"184"
4354,"222"
4355,"222"
4356,"222"
4357,"222"
4358,"222"
4359,"230"
4360,"230"
4361,"250"
4362,"230"
4363,"174"
4364,"174"
4365,"174"
4366,"174"
4367,"184"
4368,"174"
4369,"184"
4370,"184"
4371,"195"
4372,"184"
4373,"195"
4374,"195"
4375,"184"
4376,"487"
4377,"135"
4378,"479"
4379,"479"
4380,"443"
4381,"515"
4382,"378"
4383,"453"
4384,"453"
4385,"378"
4386,"378"
4387,"378"
4388,"378"
4389,"378"
4390,"361"
4391,"388"
4392,"361"
4393,"361"
4394,"378"
4395,"378"
4396,"378"
4397,"378"
4398,"378"
4399,"378"
4400,"378"
4401,"378"
4402,"378"
4403,"378"
4404,"378"
4405,"378"
4406,"361"
4407,"361"
4408,"378"
4409,"378"
4410,"378"
4411,"378"
4412,"378"
4413,"378"
4414,"378"
4415,"361"
4416,"361"
4417,"298"
4418,"378"
4419,"378"
4420,"378"
4421,"361"
4422,"378"
4423,"378"
4424,"378"
4425,"378"
4426,"90"
4427,"453"
4428,"473"
4429,"473"
4430,"473"
4431,"473"
4432,"321"
4433,"311"
4434,"453"
4435,"453"
4436,"473"
4437,"453"
4438,"289"
4439,"441"
4440,"422"
4441,"223"
4442,"30"
4443,"73"
4444,"51"
4445,"146"
4446,"146"
4447,"655"
4448,"331"
4449,"291"
4450,"291"
4451,"148"
4452,"154"
4453,"154"
4454,"146"
4455,"146"
4456,"131"
4457,"305"
4458,"272"
4459,"262"
4460,"345"
4461,"611"
4462,"146"
4463,"214"
4464,"216"
4465,"236"
4466,"252"
4467,"154"
4468,"153"
4469,"158"
4470,"146"
4471,"146"
4472,"202"
4473,"117"
4474,"146"
4475,"146"
4476,"154"
4477,"144"
4478,"144"
4479,"197"
4480,"262"
4481,"160"
4482,"185"
4483,"360"
4484,"360"
4485,"345"
4486,"353"
4487,"289"
4488,"579"
4489,"575"
4490,"344"
4491,"369"
4492,"267"
4493,"11"
4494,"222"
4495,"410"
4496,"470"
4497,"160"
4498,"160"
4499,"114"
4500,"266"
4501,"160"
4502,"300"
4503,"297"
4504,"309"
4505,"232"
4506,"169"
4507,"242"
4508,"188"
4509,"452"
4510,"390"
4511,"160"
4512,"146"
4513,"197"
4514,"207"
4515,"200"
4516,"192"
4517,"200"
4518,"192"
4519,"162"
4520,"216"
4521,"192"
4522,"232"
4523,"232"
4524,"211"
4525,"211"
4526,"146"
4527,"293"
4528,"475"
4529,"101"
4530,"108"
4531,"99"
4532,"593"
4533,"593"
4534,"566"
4535,"99"
4536,"129"
4537,"659"
4538,"663"
4539,"116"
4540,"343"
4541,"508"
4542,"548"
4543,"118"
4544,"305"
4545,"337"
4546,"508"
4547,"108"
4548,"130"
4549,"336"
4550,"321"
4551,"300"
4552,"391"
4553,"310"
4554,"566"
4555,"548"
4556,"379"
4557,"442"
4558,"545"
4559,"107"
4560,"525"
4561,"561"
4562,"610"
4563,"180"
4564,"433"
4565,"105"
4566,"466"
4567,"472"
4568,"251"
4569,"181"
4570,"557"
4571,"154"
4572,"301"
4573,"354"
4574,"319"
4575,"278"
4576,"321"
4577,"191"
4578,"516"
4579,"521"
4580,"121"
4581,"408"
4582,"456"
4583,"424"
4584,"424"
4585,"334"
4586,"334"
4587,"361"
4588,"432"
4589,"353"
4590,"421"
4591,"420"
4592,"463"
4593,"595"
4594,"578"
4595,"585"
4596,"571"
4597,"397"
4598,"431"
4599,"409"
4600,"390"
4601,"365"
4602,"390"
4603,"250"
4604,"261"
4605,"264"
4606,"266"
4607,"220"
4608,"178"
4609,"115"
4610,"426"
4611,"429"
4612,"303"
4613,"322"
4614,"303"
4615,"270"
4616,"286"
4617,"266"
4618,"443"
4619,"266"
4620,"407"
4621,"207"
4622,"317"
4623,"674"
4624,"535"
4625,"535"
4626,"539"
4627,"544"
4628,"548"
4629,"547"
4630,"325"
4631,"549"
4632,"528"
4633,"546"
4634,"522"
4635,"219"
4636,"213"
4637,"213"
4638,"215"
4639,"220"
4640,"106"
4641,"466"
4642,"466"
4643,"84"
4644,"326"
4645,"533"
4646,"133"
4647,"476"
4648,"525"
4649,"559"
4650,"532"
4651,"567"
4652,"476"
4653,"496"
4654,"255"
4655,"539"
4656,"533"
4657,"547"
4658,"533"
4659,"540"
4660,"408"
4661,"400"
4662,"109"
4663,"101"
4664,"136"
4665,"390"
4666,"393"
4667,"199"
4668,"97"
4669,"490"
4670,"478"
4671,"290"
4672,"107"
4673,"417"
4674,"529"
4675,"505"
4676,"308"
4677,"490"
4678,"620"
4679,"689"
4680,"448"
4681,"434"
4682,"299"
4683,"340"
4684,"310"
4685,"301"
4686,"376"
4687,"275"
4688,"224"
4689,"470"
4690,"224"
4691,"200"
4692,"347"
4693,"224"
4694,"483"
4695,"224"
4696,"350"
4697,"224"
4698,"224"
4699,"224"
4700,"224"
4701,"224"
4702,"720"
4703,"578"
4704,"755"
4705,"249"
4706,"249"
4707,"224"
4708,"613"
4709,"224"
4710,"117"
4711,"99"
4712,"100"
4713,"117"
4714,"224"
4715,"224"
4716,"224"
4717,"562"
4718,"176"
4719,"217"
4720,"176"
4721,"303"
4722,"440"
4723,"105"
4724,"105"
4725,"105"
4726,"105"
4727,"105"
4728,"105"
4729,"100"
4730,"101"
4731,"110"
4732,"110"
4733,"110"
4734,"199"
4735,"99"
4736,"379"
4737,"504"
4738,"542"
4739,"547"
4740,"542"
4741,"539"
4742,"535"
4743,"535"
4744,"560"
4745,"535"
4746,"538"
4747,"139"
4748,"528"
4749,"520"
4750,"526"
4751,"543"
4752,"548"
4753,"110"
4754,"139"
4755,"231"
4756,"535"
4757,"539"
4758,"530"
4759,"539"
4760,"530"
4761,"530"
4762,"535"
4763,"104"
4764,"278"
4765,"273"
4766,"344"
4767,"413"
4768,"265"
4769,"347"
4770,"476"
4771,"510"
4772,"218"
4773,"651"
4774,"667"
4775,"215"
4776,"224"
4777,"224"
4778,"224"
4779,"224"
4780,"224"
4781,"224"
4782,"209"
4783,"224"
4784,"224"
4785,"224"
4786,"224"
4787,"209"
4788,"224"
4789,"224"
4790,"224"
4791,"209"
4792,"224"
4793,"224"
4794,"224"
4795,"215"
4796,"102"
4797,"613"
4798,"515"
4799,"296"
4800,"335"
4801,"661"
4802,"80"
4803,"150"
4804,"346"
4805,"208"
4806,"200"
4807,"348"
4808,"292"
4809,"404"
4810,"214"
4811,"13"
4812,"157"
4813,"77"
4814,"284"
4815,"285"
4816,"117"
4817,"105"
4818,"105"
4819,"117"
4820,"117"
4821,"117"
4822,"105"
4823,"219"
4824,"214"
4825,"215"
4826,"161"
4827,"213"
4828,"178"
4829,"557"
4830,"327"
4831,"375"
4832,"342"
4833,"327"
4834,"164"
4835,"158"
4836,"158"
4837,"146"
4838,"191"
4839,"191"
4840,"191"
4841,"191"
4842,"191"
4843,"153"
4844,"191"
4845,"213"
4846,"213"
4847,"213"
4848,"537"
4849,"664"
4850,"687"
4851,"336"
4852,"370"
4853,"103"
4854,"174"
4855,"553"
4856,"565"
4857,"165"
4858,"177"
4859,"290"
4860,"465"
4861,"423"
4862,"449"
4863,"275"
4864,"405"
4865,"411"
4866,"81"
4867,"244"
4868,"247"
4869,"238"
4870,"238"
4871,"238"
4872,"259"
4873,"245"
4874,"245"
4875,"453"
4876,"249"
4877,"362"
4878,"238"
4879,"280"
4880,"460"
4881,"460"
4882,"109"
4883,"148"
4884,"425"
4885,"305"
4886,"420"
4887,"415"
4888,"124"
4889,"331"
4890,"125"
4891,"127"
4892,"125"
4893,"124"
4894,"134"
4895,"130"
4896,"127"
4897,"127"
4898,"127"
4899,"360"
4900,"386"
4901,"386"
4902,"365"
4903,"365"
4904,"333"
4905,"365"
4906,"360"
4907,"360"
4908,"331"
4909,"331"
4910,"519"
4911,"383"
4912,"384"
4913,"406"
4914,"406"
4915,"380"
4916,"384"
4917,"386"
4918,"384"
4919,"338"
4920,"380"
4921,"230"
4922,"365"
4923,"365"
4924,"365"
4925,"360"
4926,"360"
4927,"386"
4928,"331"
4929,"390"
4930,"390"
4931,"366"
4932,"366"
4933,"366"
4934,"311"
4935,"365"
4936,"298"
4937,"339"
4938,"352"
4939,"363"
4940,"356"
4941,"343"
4942,"334"
4943,"334"
4944,"339"
4945,"547"
4946,"518"
4947,"547"
4948,"554"
4949,"512"
4950,"547"
4951,"359"
4952,"546"
4953,"582"
4954,"610"
4955,"516"
4956,"344"
4957,"469"
4958,"482"
4959,"172"
4960,"172"
4961,"295"
4962,"468"
4963,"482"
4964,"306"
4965,"315"
4966,"172"
4967,"88"
4968,"84"
4969,"81"
4970,"488"
4971,"600"
4972,"103"
4973,"264"
4974,"253"
4975,"297"
4976,"201"
4977,"314"
4978,"314"
4979,"288"
4980,"236"
4981,"459"
4982,"414"
4983,"648"
4984,"468"
4985,"321"
4986,"100"
4987,"527"
4988,"372"
4989,"416"
4990,"421"
4991,"404"
4992,"344"
4993,"530"
4994,"456"
4995,"621"
4996,"172"
4997,"172"
4998,"165"
4999,"264"
5000,"141"
5001,"49"
5002,"100"
5003,"234"
5004,"202"
5005,"241"
5006,"430"
5007,"259"
5008,"250"
5009,"241"
5010,"246"
5011,"241"
5012,"394"
5013,"331"
5014,"250"
5015,"169"
5016,"229"
5017,"477"
5018,"538"
5019,"431"
5020,"238"
5021,"50"
5022,"158"
5023,"116"
5024,"82"
5025,"615"
5026,"593"
5027,"593"
5028,"593"
5029,"599"
5030,"599"
5031,"506"
5032,"294"
5033,"182"
5034,"157"
5035,"443"
5036,"115"
5037,"107"
5038,"136"
5039,"123"
5040,"123"
5041,"123"
5042,"99"
5043,"136"
5044,"123"
5045,"136"
5046,"136"
5047,"123"
5048,"123"
5049,"123"
5050,"136"
5051,"136"
5052,"136"
5053,"136"
5054,"164"
5055,"136"
5333,"288"
5056,"233"
5057,"5"
5058,"469"
5059,"71"
5060,"96"
5061,"98"
5062,"95"
5063,"98"
5064,"96"
5065,"167"
5066,"599"
5067,"656"
5068,"99"
5069,"259"
5070,"420"
5071,"593"
5072,"659"
5073,"148"
5074,"148"
5075,"148"
5076,"148"
5077,"148"
5078,"158"
5079,"148"
5080,"148"
5081,"148"
5082,"133"
5083,"109"
5084,"109"
5085,"76"
5086,"76"
5087,"121"
5088,"121"
5089,"132"
5090,"128"
5091,"121"
5092,"121"
5093,"121"
5094,"121"
5095,"162"
5096,"162"
5097,"162"
5098,"128"
5099,"145"
5100,"145"
5101,"158"
5102,"98"
5103,"155"
5104,"538"
5105,"538"
5106,"542"
5107,"542"
5108,"565"
5109,"557"
5110,"537"
5111,"537"
5112,"538"
5113,"136"
5114,"150"
5115,"150"
5116,"150"
5117,"150"
5118,"156"
5119,"537"
5120,"518"
5121,"145"
5122,"167"
5123,"212"
5124,"212"
5125,"74"
5126,"166"
5127,"404"
5128,"281"
5129,"258"
5130,"175"
5131,"301"
5132,"367"
5133,"100"
5134,"385"
5135,"88"
5136,"224"
5137,"224"
5138,"224"
5139,"224"
5140,"224"
5141,"224"
5142,"224"
5143,"224"
5144,"208"
5145,"215"
5146,"218"
5147,"222"
5148,"217"
5149,"207"
5150,"215"
5151,"178"
5152,"178"
5153,"178"
5154,"130"
5155,"390"
5156,"390"
5157,"378"
5158,"390"
5159,"385"
5160,"385"
5161,"390"
5162,"385"
5163,"385"
5164,"378"
5165,"385"
5166,"385"
5167,"385"
5168,"385"
5169,"395"
5170,"379"
5171,"400"
5172,"379"
5173,"379"
5174,"395"
5175,"395"
5176,"386"
5177,"369"
5178,"369"
5179,"367"
5180,"367"
5181,"367"
5182,"367"
5183,"340"
5184,"340"
5185,"362"
5186,"362"
5187,"362"
5188,"399"
5189,"428"
5190,"428"
5191,"419"
5192,"410"
5193,"392"
5194,"385"
5195,"385"
5196,"392"
5197,"372"
5198,"360"
5199,"331"
5200,"311"
5201,"362"
5202,"362"
5203,"362"
5204,"362"
5205,"362"
5334,"110"
5206,"362"
5207,"158"
5208,"162"
5209,"162"
5210,"162"
5211,"162"
5212,"428"
5213,"419"
5214,"419"
5215,"419"
5216,"329"
5217,"82"
5218,"126"
5219,"136"
5220,"170"
5221,"336"
5222,"139"
5223,"156"
5224,"148"
5225,"251"
5226,"251"
5227,"251"
5228,"251"
5229,"137"
5230,"105"
5231,"105"
5232,"105"
5233,"105"
5234,"105"
5235,"105"
5236,"101"
5237,"99"
5238,"99"
5239,"440"
5240,"145"
5241,"185"
5242,"190"
5243,"446"
5244,"446"
5245,"625"
5246,"405"
5247,"322"
5248,"322"
5249,"330"
5250,"447"
5251,"440"
5252,"553"
5253,"320"
5254,"314"
5255,"314"
5256,"314"
5257,"314"
5258,"287"
5259,"314"
5260,"287"
5261,"287"
5262,"287"
5263,"287"
5264,"293"
5265,"293"
5266,"287"
5267,"274"
5268,"274"
5269,"274"
5270,"274"
5271,"274"
5272,"274"
5273,"274"
5274,"266"
5275,"311"
5276,"311"
5277,"288"
5278,"296"
5279,"296"
5280,"296"
5281,"296"
5282,"285"
5283,"306"
5284,"288"
5285,"288"
5286,"254"
5287,"156"
5288,"650"
5289,"383"
5290,"557"
5291,"627"
5292,"136"
5293,"157"
5294,"372"
5295,"372"
5296,"356"
5297,"384"
5298,"376"
5299,"364"
5300,"376"
5301,"372"
5302,"359"
5303,"359"
5304,"376"
5305,"356"
5306,"384"
5307,"372"
5308,"260"
5309,"314"
5310,"314"
5311,"283"
5312,"142"
5313,"142"
5314,"99"
5315,"139"
5316,"142"
5317,"161"
5318,"161"
5319,"139"
5320,"139"
5321,"139"
5322,"142"
5323,"139"
5324,"139"
5325,"142"
5326,"142"
5327,"178"
5328,"139"
5329,"110"
5330,"139"
5331,"186"
5332,"321"
5335,"110"
5336,"157"
5337,"110"
5338,"110"
5339,"110"
5340,"110"
5341,"157"
5342,"157"
5343,"157"
5344,"157"
5345,"157"
5346,"157"
5347,"157"
5348,"157"
5349,"136"
5350,"136"
5351,"136"
5352,"136"
5353,"136"
5354,"157"
5355,"157"
5356,"157"
5357,"157"
5358,"110"
5359,"110"
5360,"110"
5361,"157"
5362,"110"
5363,"110"
5364,"110"
5365,"110"
5366,"157"
5367,"136"
5368,"157"
5369,"221"
5370,"244"
5371,"245"
5372,"149"
5373,"149"
5374,"163"
5375,"161"
5376,"163"
5377,"161"
5378,"156"
5379,"175"
5380,"177"
5381,"446"
5382,"189"
5383,"486"
5384,"477"
5385,"102"
5386,"418"
5387,"456"
5388,"430"
5389,"495"
5390,"416"
5391,"426"
5392,"423"
5393,"504"
5394,"504"
5395,"110"
5396,"139"
5397,"139"
5398,"139"
5399,"127"
5400,"169"
5401,"169"
5402,"110"
5403,"110"
5404,"110"
5405,"114"
5406,"178"
5407,"178"
5408,"178"
5409,"178"
5410,"178"
5411,"157"
5412,"157"
5413,"157"
5414,"157"
5415,"136"
5416,"136"
5417,"136"
5418,"136"
5419,"110"
5420,"110"
5421,"139"
5422,"139"
5423,"139"
5424,"110"
5425,"127"
5426,"110"
5427,"110"
5428,"110"
5429,"110"
5430,"110"
5431,"110"
5432,"139"
5433,"139"
5434,"158"
5435,"127"
5436,"127"
5437,"110"
5438,"110"
5439,"110"
5440,"110"
5441,"110"
5442,"110"
5443,"110"
5444,"110"
5445,"110"
5446,"110"
5447,"110"
5448,"388"
5449,"345"
5450,"339"
5451,"262"
5452,"345"
5453,"345"
5454,"305"
5455,"305"
5456,"339"
5457,"339"
5458,"332"
5459,"349"
5460,"332"
5461,"349"
5462,"345"
5463,"332"
5464,"345"
5465,"349"
5466,"345"
5467,"349"
5468,"332"
5469,"332"
5470,"345"
5471,"332"
5472,"292"
5473,"292"
5474,"292"
5475,"292"
5476,"349"
5477,"362"
5478,"345"
5479,"345"
5480,"345"
5481,"345"
5482,"345"
5483,"349"
5484,"345"
5485,"345"
5486,"345"
5487,"262"
5488,"262"
5489,"262"
5490,"305"
5491,"262"
5492,"324"
5493,"345"
5494,"262"
5495,"339"
5496,"339"
5497,"339"
5498,"339"
5499,"339"
5500,"339"
5501,"339"
5502,"320"
5503,"305"
5504,"305"
5505,"339"
5506,"262"
5507,"262"
5508,"292"
5509,"332"
5510,"324"
5511,"345"
5512,"324"
5513,"262"
5514,"349"
5515,"305"
5516,"292"
5517,"123"
5518,"195"
5519,"290"
5520,"206"
5521,"206"
5522,"206"
5523,"206"
5524,"206"
5525,"206"
5526,"206"
5527,"139"
5528,"342"
5529,"365"
5530,"400"
5531,"157"
5532,"145"
5533,"145"
5534,"178"
5535,"178"
5536,"178"
5537,"157"
5538,"157"
5539,"136"
5540,"127"
5541,"145"
5542,"145"
5543,"114"
5544,"178"
5545,"145"
5546,"169"
5547,"178"
5548,"407"
5549,"367"
5550,"319"
5551,"265"
5552,"224"
5553,"305"
5554,"305"
5555,"130"
5556,"133"
5557,"130"
5558,"66"
5559,"224"
5560,"224"
5561,"224"
5562,"249"
5563,"249"
5564,"249"
5565,"224"
5566,"205"
5567,"224"
5568,"214"
5569,"238"
5570,"224"
5571,"224"
5572,"220"
5573,"220"
5574,"235"
5575,"235"
5576,"235"
5577,"235"
5578,"235"
5579,"224"
5580,"214"
5581,"214"
5582,"214"
5583,"214"
5584,"224"
5585,"224"
5586,"224"
5587,"214"
5588,"184"
5589,"202"
5590,"202"
5591,"202"
5592,"202"
5593,"154"
5594,"485"
5595,"428"
5596,"176"
5597,"99"
5598,"250"
5599,"449"
5600,"447"
5601,"429"
5602,"424"
5603,"547"
5604,"290"
5605,"266"
5606,"220"
5607,"213"
5608,"213"
5609,"213"
5610,"213"
5611,"215"
5612,"220"
5613,"197"
5614,"212"
5615,"212"
5616,"159"
5617,"159"
5618,"159"
5619,"214"
5620,"224"
5621,"224"
5622,"137"
5623,"518"
5624,"526"
5625,"603"
5626,"571"
5627,"195"
5628,"537"
5629,"570"
5630,"534"
5631,"534"
5632,"534"
5633,"535"
5634,"550"
5635,"560"
5636,"560"
5637,"537"
5638,"557"
5639,"537"
5640,"537"
5641,"535"
5642,"535"
5643,"535"
5644,"537"
5645,"200"
5646,"138"
5647,"144"
5648,"346"
5649,"346"
5650,"346"
5651,"346"
5652,"558"
5653,"637"
5654,"559"
5655,"462"
5656,"419"
5657,"498"
5658,"147"
5659,"338"
5660,"538"
5661,"490"
5662,"357"
5663,"229"
5664,"373"
5665,"354"
5666,"388"
5667,"102"
5668,"451"
5669,"225"
5670,"303"
5671,"401"
5672,"401"
5673,"494"
5674,"494"
5675,"494"
5676,"492"
5677,"489"
5678,"482"
5679,"495"
5680,"146"
5681,"482"
5682,"56"
5683,"154"
5684,"154"
5685,"386"
5686,"420"
5687,"404"
5688,"427"
5689,"460"
5690,"470"
5691,"529"
5692,"482"
5693,"482"
5694,"494"
5695,"494"
5696,"494"
5697,"482"
5698,"494"
5699,"494"
5700,"482"
5701,"482"
5702,"549"
5703,"357"
5704,"355"
5705,"355"
5706,"117"
5707,"260"
5708,"347"
5709,"106"
5798,"270"
5710,"125"
5711,"212"
5712,"224"
5713,"364"
5714,"370"
5715,"433"
5716,"278"
5717,"394"
5718,"359"
5719,"135"
5720,"560"
5721,"58"
5722,"651"
5723,"162"
5724,"161"
5725,"161"
5726,"228"
5727,"211"
5728,"485"
5729,"492"
5730,"494"
5731,"489"
5732,"492"
5733,"492"
5734,"485"
5735,"492"
5736,"478"
5737,"479"
5738,"494"
5739,"479"
5740,"484"
5741,"437"
5742,"223"
5743,"223"
5744,"224"
5745,"224"
5746,"224"
5747,"231"
5748,"213"
5749,"355"
5750,"254"
5751,"510"
5752,"490"
5753,"224"
5848,"78"
5754,"476"
5755,"494"
5756,"494"
5757,"494"
5758,"110"
5759,"396"
5760,"547"
5761,"460"
5762,"460"
5763,"104"
5764,"363"
5765,"302"
5766,"292"
5767,"494"
5768,"251"
5769,"257"
5770,"281"
5771,"271"
5772,"145"
5773,"479"
5774,"479"
5775,"484"
5776,"484"
5777,"479"
5778,"454"
5779,"437"
5780,"468"
5781,"247"
5782,"240"
5783,"242"
5784,"240"
5785,"224"
5786,"221"
5787,"242"
5788,"258"
5789,"491"
5790,"244"
5791,"251"
5792,"255"
5793,"255"
5794,"270"
5795,"270"
5796,"270"
5797,"270"
5799,"270"
5800,"270"
5801,"247"
5802,"431"
5803,"191"
5804,"244"
5805,"437"
5806,"165"
5807,"203"
5808,"186"
5809,"177"
5810,"156"
5811,"132"
5812,"152"
5813,"132"
5814,"139"
5815,"139"
5816,"104"
5817,"256"
5818,"256"
5819,"261"
5820,"250"
5821,"131"
5822,"270"
5823,"554"
5824,"105"
5825,"256"
5826,"229"
5827,"567"
5828,"238"
5829,"238"
5830,"243"
5831,"243"
5832,"243"
5833,"238"
5834,"238"
5835,"92"
5836,"105"
5837,"467"
5838,"191"
5839,"191"
5840,"199"
5841,"199"
5842,"199"
5843,"191"
5844,"191"
5845,"191"
5846,"58"
5847,"418"
5849,"347"
5850,"340"
5851,"340"
5852,"345"
5853,"305"
5854,"305"
5855,"305"
5856,"312"
5857,"585"
5858,"538"
5859,"321"
5860,"321"
5861,"312"
5862,"494"
5863,"497"
5864,"136"
5865,"144"
5866,"135"
5867,"494"
5868,"494"
5869,"494"
5870,"321"
5871,"494"
5872,"377"
5873,"487"
5874,"485"
5875,"281"
5876,"256"
5877,"260"
5878,"189"
5879,"244"
5880,"288"
5881,"137"
5882,"233"
5883,"224"
5884,"247"
5885,"232"
5886,"126"
5887,"167"
5888,"164"
5889,"212"
5890,"203"
5891,"181"
5892,"164"
5893,"167"
5894,"181"
5895,"166"
5896,"202"
5897,"210"
5898,"210"
5899,"210"
5900,"264"
5901,"246"
5902,"446"
5903,"435"
5904,"136"
5905,"173"
5906,"195"
5907,"203"
5908,"161"
5909,"161"
5910,"160"
5911,"160"
5912,"178"
5913,"210"
5914,"246"
5915,"210"
5916,"483"
5917,"305"
5918,"335"
5919,"341"
5920,"347"
5921,"346"
5922,"346"
5923,"346"
5924,"158"
5925,"235"
5926,"107"
5927,"106"
5928,"106"
5929,"107"
5930,"408"
5931,"256"
5932,"292"
5933,"82"
5934,"423"
5935,"195"
5936,"78"
5937,"147"
5938,"238"
5939,"238"
5940,"236"
5941,"230"
5942,"234"
5943,"243"
5944,"243"
5945,"238"
5946,"238"
5947,"255"
5948,"255"
5949,"227"
5950,"227"
5951,"251"
5952,"242"
5953,"238"
5954,"238"
5955,"270"
5956,"390"
5957,"255"
5958,"270"
5959,"321"
5960,"155"
5961,"137"
5962,"136"
5963,"435"
5964,"436"
5965,"142"
5966,"308"
5967,"481"
5968,"359"
5969,"356"
5970,"359"
5971,"359"
5972,"359"
5973,"356"
5974,"465"
5975,"579"
5976,"580"
5977,"612"
5978,"558"
5979,"303"
5980,"336"
5981,"101"
5982,"84"
5983,"90"
5984,"90"
5985,"84"
5986,"84"
5987,"84"
5988,"335"
5989,"209"
5990,"215"
5991,"224"
5992,"215"
5993,"160"
5994,"99"
