"gid","precip"
1,"979"
2,"821"
3,"828"
4,"828"
5,"864"
6,"960"
7,"928"
8,"1139"
9,"950"
10,"1266"
11,"1266"
12,"1001"
13,"886"
14,"872"
15,"886"
16,"996"
17,"872"
18,"928"
19,"928"
20,"1155"
21,"1145"
22,"913"
23,"908"
24,"930"
25,"930"
26,"867"
27,"876"
28,"996"
29,"996"
30,"996"
31,"908"
32,"1284"
33,"838"
34,"862"
35,"880"
36,"880"
37,"913"
38,"937"
39,"1139"
40,"1032"
41,"1033"
42,"920"
43,"915"
44,"1313"
45,"1026"
46,"1134"
47,"1055"
48,"833"
49,"1158"
50,"886"
51,"955"
52,"955"
53,"955"
54,"955"
55,"899"
56,"899"
57,"955"
58,"955"
59,"899"
60,"899"
61,"899"
62,"852"
63,"852"
64,"852"
65,"852"
66,"852"
67,"852"
68,"917"
69,"917"
70,"931"
71,"852"
72,"852"
73,"852"
74,"852"
75,"852"
76,"852"
77,"852"
78,"852"
79,"839"
80,"899"
81,"899"
82,"1026"
83,"1037"
84,"1001"
85,"1082"
86,"1279"
87,"1134"
88,"1247"
89,"1106"
90,"1111"
91,"1145"
92,"1135"
93,"1157"
94,"1026"
95,"1029"
96,"1026"
97,"1052"
98,"1254"
99,"1284"
100,"833"
101,"857"
102,"930"
103,"867"
104,"908"
105,"976"
106,"1169"
107,"1017"
108,"984"
109,"848"
110,"992"
111,"1026"
112,"1074"
113,"1023"
114,"1313"
115,"1313"
116,"1313"
117,"1151"
118,"1278"
119,"915"
120,"915"
121,"1324"
122,"923"
123,"923"
124,"1313"
125,"892"
126,"908"
127,"899"
128,"955"
129,"955"
130,"862"
131,"1147"
132,"1147"
133,"1074"
134,"1125"
135,"1119"
136,"1158"
137,"1158"
138,"1216"
139,"1115"
140,"828"
141,"821"
142,"828"
143,"1198"
144,"1198"
145,"1144"
146,"1188"
147,"992"
148,"1198"
149,"1101"
150,"1198"
151,"1188"
152,"1198"
153,"1007"
154,"1007"
155,"1007"
156,"1007"
157,"1007"
158,"1007"
196,"1147"
159,"1007"
160,"1007"
161,"1007"
162,"1007"
163,"1007"
164,"1007"
165,"1007"
166,"1246"
167,"1007"
168,"1007"
169,"1007"
170,"1007"
171,"1007"
172,"1007"
173,"1007"
174,"1001"
175,"993"
176,"1001"
177,"1007"
178,"1007"
179,"892"
180,"1167"
181,"1185"
182,"1198"
183,"1028"
184,"1028"
185,"1082"
186,"1102"
187,"1102"
188,"1082"
189,"1082"
190,"1082"
191,"1082"
192,"1082"
193,"1082"
194,"920"
195,"1278"
197,"1205"
198,"1264"
199,"968"
200,"968"
201,"968"
202,"968"
203,"968"
204,"975"
205,"975"
206,"1033"
207,"1055"
208,"1055"
209,"1033"
210,"1007"
211,"1015"
212,"1052"
213,"1060"
214,"1053"
215,"1041"
216,"1055"
217,"971"
218,"992"
219,"1007"
220,"1001"
221,"993"
222,"993"
223,"993"
224,"993"
225,"977"
226,"977"
227,"977"
228,"864"
229,"864"
230,"864"
231,"1240"
232,"1036"
233,"1102"
234,"1240"
235,"1240"
236,"959"
237,"959"
238,"959"
239,"959"
240,"1240"
241,"1240"
242,"1240"
243,"854"
244,"885"
245,"1072"
246,"1072"
247,"1092"
248,"1057"
249,"1092"
250,"1090"
251,"1090"
252,"1074"
253,"1090"
254,"1279"
255,"1135"
256,"1014"
257,"1031"
258,"1007"
259,"1155"
260,"1155"
261,"975"
262,"1018"
263,"1168"
264,"1155"
265,"1155"
266,"1155"
267,"1155"
268,"1155"
269,"1155"
270,"1264"
271,"1155"
272,"920"
273,"920"
274,"920"
275,"983"
276,"873"
277,"1081"
278,"1055"
279,"997"
280,"1155"
281,"1145"
282,"1091"
283,"1091"
284,"1145"
285,"1007"
286,"1024"
287,"1201"
288,"1007"
289,"1021"
290,"1036"
291,"1048"
292,"1019"
293,"1032"
294,"1048"
295,"873"
296,"873"
297,"873"
298,"1279"
299,"1010"
300,"1032"
301,"1017"
302,"1032"
303,"1031"
304,"976"
305,"997"
306,"1007"
307,"1032"
308,"1157"
309,"1157"
310,"1041"
311,"875"
312,"876"
313,"955"
314,"1035"
315,"1048"
316,"1048"
317,"1008"
318,"1078"
319,"1145"
320,"901"
321,"979"
322,"979"
323,"979"
324,"979"
325,"979"
326,"971"
327,"979"
328,"979"
329,"972"
330,"864"
331,"864"
332,"864"
333,"1090"
334,"997"
335,"1115"
336,"1155"
337,"1279"
338,"1284"
339,"1290"
340,"1254"
341,"1290"
342,"1290"
343,"1072"
344,"1072"
345,"1084"
346,"1007"
347,"1007"
348,"1007"
349,"862"
350,"864"
351,"879"
352,"848"
353,"837"
354,"954"
355,"1000"
356,"891"
357,"862"
358,"928"
359,"932"
360,"925"
361,"869"
362,"1188"
363,"1021"
364,"1021"
365,"1021"
366,"1021"
367,"1149"
368,"880"
369,"1063"
370,"1021"
371,"1021"
372,"1021"
373,"1021"
374,"1021"
375,"1021"
376,"1021"
377,"1021"
378,"1021"
379,"1021"
380,"1021"
381,"1021"
382,"1021"
383,"1021"
384,"1021"
385,"1021"
386,"1021"
387,"1021"
388,"1021"
389,"1021"
390,"1021"
391,"1021"
392,"1021"
393,"1021"
394,"1021"
395,"1021"
396,"1021"
397,"1021"
398,"1021"
399,"1021"
400,"1021"
401,"1021"
402,"1021"
403,"1021"
404,"1021"
405,"1021"
406,"1021"
407,"1021"
408,"1021"
409,"1021"
410,"1021"
411,"1021"
412,"1021"
413,"1021"
414,"1021"
415,"1021"
416,"1021"
417,"1021"
418,"1021"
419,"1021"
420,"1021"
421,"1021"
422,"1021"
423,"1021"
424,"1021"
425,"1021"
426,"1021"
427,"1021"
428,"1021"
429,"1021"
430,"1021"
431,"1021"
432,"1021"
433,"1021"
434,"1021"
435,"1021"
436,"1021"
437,"1021"
438,"1021"
439,"1021"
440,"1021"
441,"1021"
442,"1021"
443,"1021"
444,"1021"
445,"1021"
446,"1021"
447,"1021"
448,"1021"
449,"1021"
450,"1021"
451,"1021"
452,"1021"
453,"1021"
454,"1021"
455,"1021"
456,"1021"
457,"1021"
458,"1021"
459,"1021"
460,"1021"
461,"1021"
462,"1021"
463,"1021"
464,"1021"
465,"1021"
466,"1021"
467,"1021"
468,"1021"
469,"1021"
470,"1021"
471,"1021"
472,"1021"
473,"1021"
474,"1021"
475,"1021"
476,"1021"
477,"1021"
478,"1021"
479,"1021"
480,"1021"
481,"1021"
482,"1021"
483,"1021"
484,"1021"
485,"1021"
486,"1021"
487,"1021"
488,"1021"
489,"1021"
490,"1021"
491,"1021"
492,"1021"
493,"1021"
645,"993"
494,"1021"
495,"1021"
496,"1021"
497,"1021"
498,"1021"
499,"1021"
500,"1021"
501,"1021"
502,"1021"
503,"1021"
504,"1021"
505,"1021"
506,"1021"
507,"1021"
508,"1021"
509,"1021"
510,"1021"
511,"1021"
512,"1021"
513,"1021"
514,"1021"
515,"1021"
516,"1021"
517,"1021"
518,"1021"
519,"1021"
520,"1021"
521,"1021"
522,"1021"
523,"1021"
524,"1021"
525,"1021"
526,"1021"
527,"1021"
528,"1021"
529,"1021"
530,"1021"
531,"1021"
532,"1021"
533,"1021"
534,"1021"
535,"1021"
536,"1021"
537,"1021"
538,"1021"
539,"1021"
540,"1021"
541,"1021"
542,"1021"
543,"1021"
544,"1021"
545,"1021"
546,"1021"
547,"1021"
548,"947"
549,"891"
550,"1000"
551,"1031"
552,"1034"
553,"1012"
554,"1019"
555,"1149"
556,"1145"
557,"1145"
558,"1145"
559,"1021"
560,"1226"
561,"1037"
562,"1037"
563,"1032"
564,"1032"
565,"1032"
566,"1032"
567,"1032"
568,"1032"
569,"1032"
570,"1026"
571,"1032"
572,"1032"
573,"828"
574,"821"
575,"828"
576,"1032"
577,"1145"
578,"1033"
579,"965"
580,"1021"
581,"807"
582,"807"
583,"1190"
584,"1345"
585,"1190"
586,"1034"
587,"872"
588,"1064"
589,"1106"
590,"888"
591,"888"
592,"1000"
593,"1041"
594,"1041"
595,"1032"
596,"1048"
597,"793"
598,"793"
599,"793"
600,"1082"
601,"1082"
602,"1082"
603,"971"
604,"1184"
605,"1151"
606,"1241"
607,"1024"
608,"1024"
609,"1068"
610,"1068"
611,"1024"
612,"1024"
613,"977"
614,"977"
615,"1201"
616,"1000"
617,"992"
618,"1010"
619,"1010"
620,"1068"
621,"858"
622,"853"
623,"1010"
624,"1010"
625,"1008"
626,"1008"
627,"1010"
628,"1001"
629,"1001"
630,"1001"
631,"1056"
632,"1035"
633,"993"
634,"1017"
635,"1001"
636,"1001"
637,"993"
638,"993"
639,"993"
640,"993"
641,"864"
642,"997"
643,"996"
644,"1190"
646,"1001"
647,"993"
648,"993"
649,"1001"
650,"1001"
651,"993"
652,"993"
653,"1010"
654,"1001"
655,"1001"
656,"993"
657,"1001"
658,"993"
659,"993"
660,"993"
661,"1088"
662,"993"
663,"1001"
664,"1001"
665,"1001"
666,"993"
667,"1001"
668,"993"
669,"1001"
670,"1001"
671,"1001"
672,"993"
673,"1001"
674,"993"
675,"993"
676,"993"
677,"1015"
678,"1002"
679,"1167"
680,"860"
681,"991"
682,"1045"
683,"993"
684,"993"
685,"993"
686,"903"
687,"903"
688,"1141"
689,"1199"
690,"1345"
691,"864"
692,"1230"
693,"1283"
694,"1001"
695,"1001"
696,"1050"
697,"1001"
698,"993"
699,"850"
700,"850"
701,"993"
702,"1001"
703,"1010"
704,"993"
705,"1010"
706,"1001"
707,"1010"
708,"908"
709,"864"
710,"1010"
711,"1010"
712,"993"
713,"1001"
714,"1001"
715,"1150"
716,"1010"
717,"1176"
718,"1032"
719,"936"
720,"936"
721,"936"
722,"1179"
723,"1093"
724,"1090"
725,"1179"
726,"913"
727,"1050"
728,"1050"
729,"1050"
730,"1050"
731,"1050"
732,"1050"
733,"971"
734,"1035"
735,"1050"
736,"1183"
737,"1183"
738,"1050"
739,"995"
740,"1050"
741,"1050"
742,"1017"
743,"1010"
744,"1300"
745,"1262"
746,"850"
747,"850"
748,"997"
749,"997"
750,"976"
751,"1031"
752,"850"
753,"908"
754,"908"
755,"883"
756,"826"
757,"920"
758,"879"
759,"920"
760,"931"
761,"920"
762,"930"
763,"908"
764,"908"
765,"1196"
766,"1260"
767,"1072"
768,"1173"
769,"908"
770,"1190"
771,"1222"
772,"1221"
773,"1221"
774,"1001"
775,"899"
776,"908"
777,"1031"
778,"1031"
779,"1019"
780,"1019"
781,"1014"
782,"1292"
783,"1110"
784,"1176"
785,"868"
786,"977"
787,"867"
788,"831"
789,"826"
790,"826"
791,"930"
792,"948"
793,"1019"
794,"920"
795,"1019"
796,"886"
797,"886"
798,"1200"
799,"1138"
800,"1170"
801,"1223"
802,"1170"
803,"1205"
804,"1188"
805,"1196"
806,"1246"
807,"1007"
808,"1193"
809,"976"
810,"815"
811,"1006"
812,"859"
813,"859"
814,"826"
815,"829"
816,"899"
817,"826"
818,"892"
819,"831"
820,"892"
821,"908"
822,"868"
823,"826"
824,"867"
825,"831"
826,"892"
827,"853"
828,"902"
829,"831"
830,"908"
831,"971"
832,"993"
833,"993"
834,"993"
835,"993"
836,"993"
837,"1010"
838,"880"
839,"997"
840,"1258"
841,"997"
842,"1028"
843,"920"
844,"908"
845,"1188"
846,"993"
847,"993"
848,"993"
849,"993"
850,"993"
851,"993"
852,"984"
853,"1092"
854,"1017"
855,"1021"
856,"1021"
857,"856"
858,"983"
859,"1074"
860,"1301"
861,"857"
862,"1026"
863,"950"
864,"1064"
865,"993"
866,"993"
867,"993"
868,"993"
869,"993"
870,"1028"
871,"878"
872,"878"
873,"878"
874,"860"
875,"878"
876,"878"
877,"860"
878,"860"
879,"913"
880,"961"
881,"1115"
882,"835"
883,"975"
884,"855"
885,"945"
886,"885"
887,"885"
888,"885"
889,"885"
890,"885"
891,"885"
892,"885"
893,"900"
894,"900"
895,"885"
896,"950"
897,"950"
898,"950"
899,"950"
900,"950"
901,"950"
902,"950"
903,"950"
904,"950"
905,"950"
906,"950"
907,"950"
908,"950"
909,"955"
910,"920"
911,"920"
912,"920"
913,"950"
914,"950"
915,"950"
916,"950"
917,"950"
918,"950"
919,"950"
920,"950"
921,"950"
922,"950"
923,"950"
924,"920"
925,"920"
926,"920"
927,"920"
928,"955"
929,"955"
930,"920"
931,"955"
932,"955"
933,"920"
934,"920"
935,"920"
936,"920"
937,"920"
938,"950"
939,"1010"
940,"1010"
941,"1032"
942,"880"
943,"880"
944,"880"
945,"880"
946,"1199"
947,"972"
948,"887"
949,"858"
950,"858"
951,"925"
952,"922"
953,"889"
954,"892"
955,"1032"
956,"1222"
957,"992"
958,"992"
959,"1037"
960,"1226"
961,"1226"
962,"1226"
963,"1226"
964,"1226"
965,"1226"
966,"1226"
967,"1226"
968,"1226"
969,"1339"
970,"1339"
971,"1339"
972,"1339"
973,"1208"
974,"1208"
975,"1208"
976,"1208"
977,"1208"
978,"1208"
979,"1208"
980,"1339"
981,"1339"
982,"1339"
983,"1339"
984,"1339"
985,"1339"
986,"1161"
987,"1161"
988,"1161"
989,"1161"
990,"1161"
991,"1161"
992,"1161"
993,"1161"
994,"1161"
995,"1161"
996,"1161"
997,"1226"
998,"1226"
999,"1226"
1000,"1226"
1001,"1226"
1002,"1226"
1003,"1226"
1004,"1226"
1005,"1226"
1006,"1226"
1007,"1226"
1008,"1226"
1009,"1226"
1010,"1226"
1011,"1226"
1012,"1226"
1013,"1226"
1014,"1226"
1015,"1226"
1016,"1226"
1017,"1226"
1018,"1226"
1019,"1226"
1020,"1226"
1021,"1226"
1022,"1226"
1023,"1226"
1024,"1226"
1025,"1226"
1026,"1226"
1027,"1226"
1028,"971"
1029,"1226"
1030,"1226"
1031,"1226"
1032,"1226"
1033,"1226"
1034,"1226"
1035,"1226"
1036,"1266"
1037,"1266"
1038,"1266"
1039,"1266"
1040,"1266"
1041,"1266"
1042,"1266"
1043,"1266"
1044,"1102"
1045,"1166"
1046,"1166"
1047,"1266"
1048,"1226"
1049,"1226"
1050,"1226"
1051,"1226"
1052,"1226"
1053,"1226"
1054,"1226"
1055,"1226"
1056,"1226"
1057,"1226"
1058,"1086"
1059,"1055"
1060,"1019"
1061,"1284"
1062,"1284"
1063,"1284"
1064,"1284"
1065,"1284"
1066,"1284"
1067,"1284"
1068,"1284"
1069,"1284"
1070,"1284"
1071,"1284"
1072,"1226"
1073,"1226"
1074,"1197"
1075,"1241"
1076,"1339"
1077,"855"
1078,"855"
1079,"851"
1080,"1139"
1081,"1139"
1082,"1266"
1083,"1266"
1084,"1266"
1085,"1266"
1086,"878"
1087,"878"
1088,"878"
1089,"878"
1090,"878"
1091,"878"
1092,"878"
1093,"878"
1094,"878"
1095,"878"
1096,"878"
1097,"878"
1098,"878"
1099,"878"
1100,"878"
1101,"878"
1102,"878"
1103,"878"
1104,"878"
1105,"878"
1106,"878"
1107,"1196"
1108,"1196"
1109,"1196"
1110,"1196"
1111,"1196"
1112,"1196"
1113,"1196"
1114,"1196"
1115,"1196"
1116,"1196"
1117,"1196"
1118,"1196"
1119,"1196"
1120,"1196"
1121,"1196"
1122,"1196"
1123,"1196"
1124,"1196"
1125,"1173"
1126,"1173"
1127,"1173"
1128,"1173"
1129,"1173"
1130,"1173"
1131,"908"
1132,"908"
1133,"908"
1134,"908"
1135,"908"
1136,"908"
1137,"908"
1138,"908"
1139,"908"
1140,"908"
1141,"908"
1142,"908"
1143,"892"
1144,"892"
1145,"892"
1146,"892"
1147,"892"
1148,"892"
1149,"892"
1150,"892"
1151,"892"
1152,"1196"
1153,"1196"
1154,"1196"
1155,"1196"
1156,"1196"
1157,"1196"
1158,"1196"
1159,"1196"
1160,"1196"
1161,"1196"
1162,"1196"
1163,"1196"
1164,"1196"
1165,"1196"
1166,"1196"
1167,"1196"
1168,"1196"
1169,"1196"
1170,"1196"
1171,"1196"
1172,"1196"
1173,"1196"
1174,"1196"
1175,"1196"
1176,"1196"
1177,"1196"
1178,"1196"
1179,"1196"
1180,"1196"
1181,"1196"
1182,"1196"
1183,"1196"
1184,"1196"
1185,"1196"
1186,"1196"
1187,"1196"
1188,"1196"
1189,"1196"
1190,"1196"
1191,"1196"
1192,"1196"
1193,"1196"
1194,"1196"
1195,"1196"
1196,"1196"
1197,"1196"
1198,"1196"
1199,"1196"
1200,"1205"
1201,"1205"
1202,"1205"
1203,"1205"
1204,"1205"
1205,"1205"
1206,"1205"
1207,"1205"
1208,"1161"
1209,"1205"
1210,"1205"
1211,"1223"
1212,"1160"
1213,"1175"
1214,"892"
1215,"892"
1216,"892"
1217,"892"
1218,"892"
1219,"892"
1220,"892"
1221,"892"
1222,"892"
1223,"908"
1224,"877"
1225,"908"
1226,"900"
1227,"1035"
1228,"928"
1229,"908"
1230,"908"
1231,"908"
1232,"908"
1233,"908"
1234,"867"
1235,"867"
1236,"867"
1237,"867"
1238,"867"
1239,"867"
1240,"867"
1241,"932"
1242,"932"
1243,"886"
1244,"886"
1245,"932"
1246,"932"
1247,"932"
1248,"928"
1249,"928"
1250,"928"
1251,"1175"
1252,"1175"
1253,"1175"
1254,"1175"
1255,"1175"
1256,"1175"
1257,"1175"
1258,"1175"
1259,"1175"
1260,"1175"
1261,"930"
1262,"930"
1263,"930"
1264,"1023"
1265,"837"
1266,"1107"
1267,"1013"
1268,"1115"
1269,"1115"
1270,"1115"
1271,"1175"
1272,"1175"
1273,"1175"
1274,"1175"
1275,"1175"
1276,"1166"
1277,"908"
1278,"1266"
1279,"1266"
1280,"1266"
1281,"1266"
1282,"917"
1283,"917"
1284,"917"
1285,"852"
1286,"852"
1287,"848"
1288,"852"
1289,"852"
1290,"852"
1291,"852"
1292,"845"
1293,"922"
1294,"922"
1295,"922"
1296,"888"
1297,"886"
1298,"886"
1299,"1009"
1485,"1078"
1300,"955"
1301,"955"
1302,"955"
1303,"927"
1304,"955"
1305,"955"
1306,"955"
1307,"899"
1308,"1339"
1309,"1339"
1310,"1237"
1311,"1261"
1312,"1255"
1313,"1087"
1314,"1087"
1315,"1074"
1316,"1074"
1317,"1101"
1318,"1227"
1319,"1240"
1320,"1240"
1321,"1240"
1322,"1240"
1323,"1240"
1324,"1279"
1325,"1284"
1326,"1031"
1327,"1031"
1328,"1012"
1329,"1007"
1330,"1007"
1331,"1007"
1332,"1007"
1333,"1007"
1334,"1012"
1335,"1266"
1336,"1226"
1337,"1226"
1338,"1226"
1339,"1226"
1340,"1226"
1341,"1226"
1342,"1226"
1343,"1226"
1344,"1226"
1345,"1226"
1346,"1226"
1347,"1226"
1348,"1226"
1349,"1226"
1350,"1226"
1351,"1226"
1352,"1226"
1353,"1226"
1354,"1226"
1355,"1226"
1356,"1226"
1357,"1226"
1358,"1226"
1359,"1226"
1360,"1226"
1361,"1226"
1362,"1226"
1363,"1226"
1364,"1226"
1365,"1226"
1366,"1226"
1367,"1226"
1368,"1226"
1369,"1226"
1370,"1226"
1371,"1226"
1372,"1226"
1486,"1078"
1373,"1226"
1374,"1226"
1375,"1226"
1376,"855"
1377,"1018"
1378,"1236"
1379,"1226"
1380,"1226"
1381,"1226"
1382,"1226"
1383,"1226"
1384,"1226"
1385,"1226"
1386,"1226"
1387,"1226"
1388,"1226"
1389,"1139"
1390,"1139"
1391,"1139"
1392,"1139"
1393,"1139"
1394,"1139"
1395,"1139"
1396,"1139"
1397,"1139"
1398,"1139"
1399,"1139"
1400,"1139"
1401,"1139"
1402,"1139"
1403,"1139"
1404,"1139"
1405,"1139"
1406,"1139"
1407,"1139"
1408,"1139"
1409,"1139"
1410,"1226"
1411,"1226"
1412,"1226"
1413,"1226"
1414,"1339"
1415,"1339"
1416,"1339"
1417,"1339"
1418,"1339"
1419,"1339"
1420,"1339"
1421,"1339"
1422,"1339"
1423,"1339"
1424,"1339"
1425,"1339"
1426,"1208"
1427,"1208"
1428,"1208"
1429,"1208"
1430,"1208"
1431,"1208"
1432,"1208"
1433,"1208"
1434,"1208"
1435,"1208"
1436,"1208"
1437,"1208"
1438,"1208"
1439,"1208"
1440,"846"
1441,"1155"
1442,"1266"
1443,"1266"
1487,"1078"
1444,"1037"
1445,"1037"
1446,"1023"
1447,"930"
1448,"908"
1449,"908"
1450,"908"
1451,"908"
1452,"849"
1453,"864"
1454,"1266"
1455,"1023"
1456,"1023"
1457,"867"
1458,"867"
1459,"867"
1460,"867"
1461,"867"
1462,"867"
1463,"867"
1464,"867"
1465,"867"
1466,"867"
1467,"867"
1468,"867"
1469,"867"
1470,"867"
1471,"867"
1472,"1023"
1473,"1232"
1474,"1190"
1475,"1017"
1476,"1036"
1477,"860"
1478,"833"
1479,"1078"
1480,"1078"
1481,"1078"
1482,"1078"
1483,"1078"
1484,"1078"
1488,"1078"
1489,"1078"
1490,"1078"
1491,"1143"
1492,"1077"
1493,"1077"
1494,"1077"
1495,"1174"
1496,"1117"
1497,"1174"
1498,"1117"
1499,"1117"
1500,"1174"
1501,"1168"
1502,"1191"
1503,"1147"
1504,"1170"
1505,"1223"
1506,"1271"
1507,"1269"
1508,"1168"
1509,"1096"
1510,"1232"
1511,"1106"
1512,"1128"
1513,"1160"
1514,"1311"
1515,"1231"
1516,"1260"
1517,"1317"
1518,"1244"
1519,"1191"
1520,"1271"
1521,"1271"
1522,"1271"
1523,"955"
1524,"955"
1525,"920"
1526,"913"
1527,"983"
1528,"983"
1529,"983"
1530,"983"
1531,"983"
1532,"983"
1533,"1131"
1534,"983"
1535,"983"
1536,"993"
1537,"993"
1538,"1014"
1539,"1007"
1540,"1031"
1541,"1002"
1542,"1002"
1543,"1002"
1544,"983"
1545,"983"
1546,"1327"
1547,"1236"
1548,"1327"
1549,"879"
1550,"983"
1551,"983"
1552,"983"
1553,"983"
1554,"983"
1555,"983"
1556,"973"
1557,"1024"
1558,"1042"
1559,"1001"
1560,"1041"
1561,"842"
1562,"842"
1563,"842"
1564,"1001"
1565,"908"
1566,"1001"
1567,"1001"
1568,"1031"
1569,"1001"
1570,"1001"
1571,"984"
1572,"999"
1573,"1007"
1574,"997"
1575,"997"
1576,"1037"
1577,"1044"
1578,"1044"
1579,"1030"
1580,"1179"
1581,"1034"
1582,"993"
1583,"993"
1584,"993"
1585,"993"
1586,"993"
1587,"993"
1588,"993"
1589,"993"
1590,"993"
1591,"954"
1592,"920"
1593,"1168"
1594,"954"
1595,"993"
1596,"993"
1597,"993"
1598,"993"
1599,"1001"
1600,"954"
1601,"993"
1602,"993"
1603,"993"
1604,"993"
1605,"1001"
1606,"1001"
1607,"1001"
1608,"1001"
1609,"1001"
1610,"1001"
1611,"993"
1612,"993"
1613,"993"
1614,"993"
1615,"993"
1616,"993"
1617,"993"
1618,"993"
1619,"993"
1620,"993"
1621,"993"
1622,"844"
1623,"993"
1624,"965"
1625,"1188"
1626,"1158"
1627,"1001"
1628,"992"
1629,"968"
1630,"1283"
1631,"1271"
1632,"1283"
1633,"1000"
1634,"1199"
1635,"1033"
1636,"1033"
1637,"1033"
1638,"850"
1639,"1232"
1640,"1175"
1641,"1175"
1642,"1175"
1643,"1175"
1644,"1175"
1645,"1175"
1646,"1175"
1647,"1175"
1648,"1175"
1649,"1175"
1650,"1175"
1651,"1175"
1652,"1175"
1653,"1175"
1654,"1175"
1655,"1175"
1656,"1175"
1657,"1175"
1658,"1175"
1659,"1175"
1660,"1175"
1661,"1175"
1662,"1175"
1663,"1175"
1664,"1175"
1665,"1175"
1666,"888"
1667,"888"
1668,"888"
1669,"976"
1670,"976"
1671,"901"
1672,"1012"
1673,"955"
1674,"1068"
1675,"1262"
1676,"1234"
1677,"1035"
1678,"1021"
1679,"1021"
1680,"1119"
1681,"965"
1682,"1054"
1683,"1033"
1684,"945"
1685,"1040"
1686,"1152"
1687,"1152"
1688,"1152"
1689,"1139"
1690,"1139"
1691,"1014"
1692,"1014"
1693,"1152"
1694,"1265"
1695,"1236"
1696,"1168"
1697,"1007"
1698,"1007"
1699,"1015"
1700,"997"
1701,"1006"
1702,"1024"
1703,"997"
1704,"1015"
1705,"1036"
1706,"1038"
1707,"1023"
1708,"1010"
1709,"970"
1710,"970"
1711,"1019"
1712,"1068"
1713,"1002"
1714,"965"
1715,"998"
1716,"1019"
1717,"1010"
1718,"1010"
1719,"1010"
1720,"1010"
1721,"1010"
1722,"1010"
1723,"1010"
1724,"1010"
1725,"1010"
1726,"1002"
1727,"1010"
1728,"1025"
1729,"1025"
1730,"1025"
1731,"1025"
1732,"998"
1733,"891"
1734,"1010"
1735,"966"
1736,"931"
1737,"1149"
1738,"999"
1739,"899"
1740,"1091"
1741,"1091"
1742,"996"
1743,"996"
1744,"996"
1745,"996"
1746,"862"
1747,"862"
1748,"862"
1749,"862"
1750,"862"
1751,"862"
1752,"862"
1753,"862"
1754,"862"
1755,"862"
1756,"862"
1757,"893"
1758,"1066"
1759,"1063"
1760,"1000"
1761,"991"
1762,"991"
1763,"991"
1764,"991"
1765,"991"
1766,"998"
1767,"998"
1768,"998"
1769,"998"
1770,"998"
1771,"920"
1772,"831"
1773,"1091"
1774,"1144"
1775,"1037"
1776,"1037"
1777,"1037"
1778,"1037"
1779,"1037"
1780,"1000"
1781,"1000"
1782,"1037"
1783,"1037"
1784,"1037"
1785,"1037"
1786,"966"
1787,"1260"
1788,"1190"
1789,"838"
1790,"803"
1791,"1050"
1792,"1005"
1793,"1134"
1794,"1175"
1795,"1175"
1796,"875"
1797,"1166"
1798,"1068"
1799,"1035"
1800,"1035"
1801,"1035"
1802,"1035"
1803,"1035"
1804,"1068"
1805,"1068"
1806,"1068"
1807,"1068"
1808,"1068"
1809,"1068"
1810,"1068"
1811,"1243"
1812,"1361"
1813,"862"
1814,"1190"
1815,"1249"
1816,"1037"
1817,"1037"
1818,"1000"
1819,"1000"
1820,"1037"
1821,"1037"
1822,"1009"
1823,"902"
1824,"1037"
1825,"1068"
1826,"1037"
1827,"1037"
1828,"1037"
1829,"1037"
1830,"1037"
1831,"961"
1832,"880"
1833,"849"
1834,"1175"
1835,"1175"
1836,"1175"
1837,"1175"
1838,"1175"
1839,"1175"
1840,"1175"
1841,"1175"
1842,"1175"
1843,"1175"
1844,"1175"
1845,"1175"
1846,"1175"
1847,"1175"
1848,"1175"
1849,"1175"
1850,"1175"
1851,"1175"
1852,"1175"
1853,"1175"
1854,"1175"
1855,"1175"
1856,"1175"
1857,"1175"
1858,"1175"
1859,"1175"
1860,"1175"
1861,"1254"
1862,"1254"
1863,"1254"
1864,"1254"
1865,"1254"
1866,"1254"
1867,"1254"
1868,"1254"
1869,"1254"
1870,"1254"
1871,"1254"
1872,"1254"
1873,"1254"
1874,"1254"
1875,"1254"
1876,"1254"
1877,"1254"
1878,"1254"
1879,"920"
1880,"978"
1881,"1175"
1882,"1175"
1883,"1254"
1884,"1254"
1885,"1254"
1886,"1254"
1887,"1254"
1888,"1254"
1889,"1254"
1890,"984"
1891,"947"
1892,"874"
1893,"1106"
1894,"1175"
1895,"977"
1896,"831"
1897,"1028"
1898,"1102"
1899,"1102"
1900,"845"
1901,"845"
1902,"1344"
1903,"1364"
1904,"1364"
1905,"915"
1906,"859"
1907,"930"
1908,"867"
1909,"1266"
1910,"1166"
1911,"1313"
1912,"1313"
1913,"1295"
1914,"1295"
1915,"1295"
1916,"1313"
1917,"1295"
1918,"1001"
1919,"1001"
1920,"993"
1921,"993"
1922,"1007"
1923,"1007"
1924,"1037"
1925,"1007"
1926,"1007"
1927,"1037"
1928,"1284"
1929,"1279"
1930,"1284"
1931,"1284"
1932,"1279"
1933,"1175"
1934,"1175"
1935,"1175"
1936,"1175"
1937,"1175"
1938,"1175"
1939,"1175"
1940,"1147"
1941,"1066"
1942,"1106"
1943,"1106"
1944,"1106"
1945,"1106"
1946,"1106"
1947,"1106"
1948,"1106"
1949,"1106"
1950,"1106"
1951,"1106"
1952,"1106"
1953,"1106"
1954,"1106"
1955,"1106"
1956,"1106"
1957,"1106"
1958,"1106"
1959,"1106"
1960,"1106"
1961,"1232"
1962,"1232"
1963,"1232"
1964,"1232"
1965,"1232"
1966,"1232"
1967,"1232"
1968,"1232"
1969,"1232"
1970,"1232"
1971,"1232"
1972,"1232"
1973,"1232"
1974,"1232"
1975,"1068"
1976,"1175"
1977,"1035"
1978,"1035"
1979,"839"
1980,"1036"
1981,"1002"
1982,"841"
1983,"852"
1984,"887"
1985,"838"
1986,"849"
1987,"1017"
1988,"899"
1989,"891"
1990,"845"
1991,"1032"
1992,"1032"
1993,"960"
1994,"852"
1995,"1043"
1996,"821"
1997,"1190"
1998,"1191"
1999,"1166"
2000,"1166"
2316,"837"
2001,"1166"
2002,"844"
2003,"1236"
2004,"850"
2005,"1119"
2006,"1119"
2007,"900"
2008,"877"
2009,"867"
2010,"958"
2011,"925"
2012,"1184"
2013,"1151"
2014,"1184"
2015,"1184"
2016,"1151"
2017,"1151"
2018,"1151"
2019,"1151"
2020,"1218"
2021,"1218"
2022,"1248"
2023,"1218"
2024,"1179"
2025,"1179"
2026,"1179"
2027,"1208"
2028,"1163"
2029,"1122"
2030,"1122"
2031,"1122"
2032,"1163"
2033,"1122"
2034,"1122"
2035,"1122"
2036,"1122"
2037,"1122"
2038,"1170"
2039,"1170"
2040,"1165"
2041,"1165"
2042,"1170"
2043,"1156"
2044,"1155"
2045,"1155"
2046,"838"
2047,"1225"
2048,"1254"
2049,"872"
2050,"889"
2051,"922"
2052,"1145"
2053,"1196"
2054,"1177"
2055,"1179"
2056,"1261"
2057,"1178"
2058,"1196"
2059,"1196"
2060,"891"
2061,"973"
2062,"966"
2063,"966"
2064,"951"
2065,"1064"
2066,"1052"
2067,"1029"
2068,"1057"
2069,"1067"
2070,"887"
2071,"887"
2072,"1012"
2073,"1007"
2074,"991"
2075,"1053"
2076,"1014"
2077,"1085"
2078,"1052"
2079,"891"
2080,"855"
2081,"913"
2082,"901"
2083,"998"
2084,"930"
2085,"955"
2086,"951"
2087,"839"
2088,"880"
2089,"848"
2090,"959"
2091,"945"
2092,"925"
2093,"893"
2094,"890"
2095,"902"
2096,"877"
2097,"906"
2098,"845"
2099,"1100"
2100,"840"
2101,"877"
2102,"897"
2103,"925"
2104,"1022"
2105,"1017"
2106,"1005"
2107,"962"
2108,"955"
2109,"991"
2110,"991"
2111,"996"
2112,"1255"
2113,"1205"
2114,"1214"
2115,"1211"
2116,"1060"
2117,"966"
2118,"1033"
2119,"876"
2120,"837"
2121,"860"
2122,"864"
2123,"849"
2124,"849"
2125,"865"
2126,"867"
2127,"872"
2128,"942"
2129,"1020"
2130,"1018"
2131,"1101"
2132,"1056"
2133,"1327"
2134,"1106"
2135,"1051"
2136,"1153"
2137,"1116"
2138,"1284"
2139,"1296"
2140,"1193"
2141,"1223"
2142,"1214"
2143,"1206"
2144,"1205"
2145,"1276"
2146,"1143"
2147,"1101"
2148,"1342"
2149,"1261"
2150,"1198"
2151,"1261"
2365,"1035"
2152,"1057"
2153,"1260"
2154,"1261"
2155,"1139"
2156,"1396"
2157,"1244"
2158,"1271"
2159,"1190"
2160,"1170"
2161,"1160"
2162,"1035"
2163,"1006"
2164,"1148"
2165,"966"
2166,"966"
2167,"1147"
2168,"1215"
2169,"1172"
2170,"1139"
2171,"1266"
2172,"1197"
2173,"1057"
2174,"1217"
2175,"1231"
2176,"1170"
2177,"1205"
2178,"1217"
2179,"877"
2180,"960"
2181,"848"
2182,"848"
2183,"901"
2184,"878"
2185,"878"
2186,"901"
2187,"878"
2188,"901"
2189,"878"
2190,"878"
2191,"858"
2192,"858"
2193,"876"
2194,"858"
2195,"858"
2196,"876"
2197,"858"
2198,"858"
2199,"858"
2200,"1184"
2201,"1184"
2202,"1151"
2203,"1151"
2204,"1151"
2205,"1260"
2206,"1260"
2207,"1260"
2208,"1110"
2209,"1123"
2210,"1190"
2211,"1190"
2212,"1190"
2213,"1190"
2214,"1163"
2215,"1163"
2216,"1233"
2217,"1233"
2218,"1233"
2219,"1233"
2220,"1233"
2221,"900"
2222,"900"
2223,"900"
2224,"887"
2225,"892"
2226,"883"
2227,"844"
2228,"958"
2229,"958"
2230,"958"
2231,"958"
2232,"958"
2233,"931"
2234,"931"
2235,"925"
2236,"925"
2237,"892"
2238,"1116"
2239,"1116"
2240,"1156"
2241,"1116"
2242,"1116"
2243,"1116"
2244,"1253"
2245,"1208"
2246,"1155"
2247,"1255"
2248,"900"
2249,"868"
2250,"891"
2251,"880"
2252,"862"
2253,"864"
2254,"864"
2255,"864"
2256,"864"
2257,"926"
2258,"926"
2259,"1153"
2260,"975"
2261,"1264"
2262,"1333"
2263,"821"
2264,"1082"
2265,"1190"
2266,"1345"
2267,"1064"
2268,"1064"
2269,"1103"
2270,"1093"
2271,"1076"
2272,"855"
2273,"1005"
2274,"1164"
2275,"1010"
2276,"1010"
2277,"1000"
2278,"1000"
2279,"1045"
2280,"1327"
2281,"998"
2282,"1041"
2283,"1010"
2284,"1045"
2285,"1151"
2286,"1002"
2287,"969"
2288,"969"
2289,"1139"
2290,"1010"
2291,"1002"
2292,"1002"
2293,"1010"
2294,"1010"
2295,"1010"
2296,"864"
2297,"1010"
2298,"1269"
2299,"1010"
2300,"1010"
2301,"862"
2302,"837"
2303,"837"
2304,"837"
2305,"837"
2306,"837"
2307,"837"
2308,"838"
2309,"837"
2310,"837"
2311,"837"
2312,"837"
2313,"837"
2314,"838"
2315,"838"
2317,"852"
2318,"955"
2319,"965"
2320,"965"
2321,"965"
2322,"965"
2323,"965"
2324,"965"
2325,"1035"
2326,"1035"
2327,"1035"
2328,"860"
2329,"880"
2330,"849"
2331,"845"
2332,"845"
2333,"884"
2334,"924"
2335,"863"
2336,"863"
2337,"845"
2338,"908"
2339,"1019"
2340,"1010"
2341,"1175"
2342,"1175"
2343,"1175"
2344,"1175"
2345,"1175"
2346,"1175"
2347,"930"
2348,"992"
2349,"992"
2350,"891"
2351,"959"
2352,"959"
2353,"928"
2354,"959"
2355,"959"
2356,"959"
2357,"959"
2358,"959"
2359,"959"
2360,"1190"
2361,"844"
2362,"849"
2363,"1035"
2364,"1035"
2366,"1035"
2367,"1035"
2368,"1035"
2369,"1035"
2370,"1035"
2371,"1035"
2372,"1035"
2373,"1035"
2374,"1035"
2375,"1035"
2376,"1035"
2377,"1035"
2378,"1035"
2379,"1035"
2380,"1035"
2381,"1035"
2382,"1035"
2383,"1035"
2384,"1035"
2385,"1035"
2386,"1035"
2387,"1068"
2388,"1068"
2389,"1035"
2390,"1035"
2391,"1035"
2392,"1035"
2393,"1035"
2394,"1035"
2395,"1035"
2396,"1115"
2397,"950"
2398,"950"
2399,"880"
2400,"883"
2401,"899"
2402,"899"
2403,"1007"
2404,"899"
2405,"1099"
2406,"1276"
2407,"1032"
2408,"886"
2409,"872"
2410,"1021"
2411,"1040"
2412,"1035"
2413,"1043"
2414,"1022"
2415,"1022"
2416,"928"
2417,"928"
2418,"1399"
2419,"842"
2420,"892"
2421,"1040"
2422,"1032"
2423,"844"
2424,"850"
2425,"1052"
2426,"1008"
2427,"977"
2428,"872"
2429,"894"
2430,"886"
2431,"932"
2432,"1068"
2433,"913"
2434,"983"
2435,"833"
2436,"839"
2437,"947"
2438,"972"
2439,"947"
2440,"959"
2441,"878"
2442,"864"
2443,"1157"
2444,"1054"
2445,"1107"
2446,"920"
2447,"1327"
2448,"1175"
2449,"886"
2450,"976"
2451,"915"
2452,"1191"
2453,"885"
2454,"992"
2455,"976"
2456,"851"
2457,"913"
2458,"876"
2459,"952"
2460,"831"
2461,"858"
2462,"1007"
2463,"899"
2464,"899"
2465,"899"
2466,"899"
2467,"899"
2468,"899"
2469,"899"
2470,"915"
2471,"915"
2472,"915"
2473,"993"
2474,"993"
2475,"993"
2476,"1001"
2477,"993"
2478,"838"
2479,"908"
2480,"908"
2481,"839"
2482,"1017"
2483,"1012"
2484,"1012"
2485,"1017"
2486,"1012"
2487,"1012"
2488,"1012"
2489,"1012"
2490,"920"
2491,"930"
2492,"1007"
2493,"878"
2494,"848"
2495,"1190"
2496,"1265"
2497,"1199"
2498,"1269"
2499,"1116"
2500,"1116"
2501,"1026"
2502,"1029"
2503,"912"
2504,"984"
2505,"1175"
2506,"855"
2507,"960"
2508,"908"
2509,"892"
2510,"1190"
2511,"1190"
2512,"1190"
2513,"1190"
2514,"1190"
2515,"1190"
2516,"892"
2517,"892"
2518,"892"
2519,"892"
2520,"892"
2521,"892"
2522,"892"
2523,"892"
2524,"892"
2525,"892"
2526,"892"
2527,"892"
2528,"892"
2529,"892"
2530,"892"
2531,"892"
2532,"892"
2533,"892"
2534,"892"
2535,"908"
2536,"917"
2537,"1043"
2538,"844"
2539,"1214"
2540,"1043"
2541,"1179"
2542,"899"
2543,"955"
2544,"1323"
2545,"1284"
2546,"1266"
2547,"1266"
2548,"1266"
2549,"1266"
2550,"1266"
2551,"1266"
2552,"917"
2553,"917"
2554,"976"
2555,"885"
2556,"885"
2557,"885"
2558,"931"
2559,"931"
2560,"885"
2561,"885"
2562,"885"
2563,"885"
2564,"878"
2565,"885"
2566,"885"
2567,"885"
2568,"885"
2569,"885"
2570,"885"
2571,"878"
2572,"878"
2573,"878"
2574,"891"
2575,"891"
2576,"950"
2577,"950"
2578,"952"
2579,"947"
2580,"899"
2581,"899"
2582,"899"
2583,"955"
2584,"955"
2585,"955"
2586,"977"
2587,"1188"
2588,"1284"
2589,"1166"
2590,"1166"
2591,"1116"
2592,"1116"
2593,"1116"
2594,"1116"
2595,"879"
2596,"890"
2597,"890"
2598,"890"
2599,"890"
2600,"1200"
2601,"1037"
2602,"1148"
2603,"1148"
2604,"1148"
2605,"1148"
2606,"1148"
2607,"1148"
2608,"1148"
2609,"1148"
2610,"1148"
2611,"1155"
2612,"1155"
2613,"1155"
2614,"1155"
2615,"1155"
2616,"1255"
2617,"1037"
2618,"1037"
2619,"1037"
2620,"1339"
2621,"1255"
2622,"1255"
2623,"1255"
2624,"1255"
2625,"1255"
2626,"1255"
2627,"1263"
2628,"1087"
2629,"1087"
2630,"1037"
2631,"1037"
2632,"1037"
2633,"911"
2634,"1101"
2635,"1101"
2636,"1101"
2637,"1185"
2638,"1185"
2639,"1279"
2640,"973"
2641,"973"
2642,"1003"
2643,"1147"
2644,"1147"
2645,"1147"
2646,"1147"
2647,"1147"
2648,"1147"
2649,"1147"
2650,"1147"
2651,"1147"
2652,"1147"
2653,"1147"
2654,"1148"
2655,"1148"
2656,"1148"
2657,"1148"
2658,"1148"
2659,"1148"
2660,"1148"
2661,"1125"
2662,"1125"
2663,"973"
2664,"844"
2665,"1028"
2666,"1028"
2667,"1212"
2668,"1212"
2669,"1212"
2670,"1212"
2671,"1212"
2672,"1212"
2673,"1212"
2674,"1212"
2675,"1212"
2676,"1212"
2677,"1212"
2678,"1212"
2679,"1212"
2680,"1212"
2681,"1234"
2682,"1195"
2683,"1269"
2684,"1269"
2685,"1234"
2686,"1185"
2687,"1193"
2688,"1193"
2689,"1193"
2690,"1193"
2691,"979"
2692,"897"
2693,"862"
2694,"1190"
2695,"908"
2696,"908"
2697,"908"
2698,"908"
2699,"908"
2700,"1236"
2701,"1175"
2702,"1175"
2703,"1175"
2704,"1041"
2705,"1037"
2706,"837"
2707,"1031"
2708,"1014"
2709,"1141"
2710,"1168"
2711,"1160"
2712,"1345"
2713,"1192"
2714,"1192"
2715,"1031"
2716,"983"
2717,"1001"
2718,"1001"
2719,"1001"
2720,"1001"
2721,"1001"
2722,"1001"
2723,"1001"
2724,"1001"
2725,"1001"
2726,"1001"
2727,"1001"
2728,"993"
2729,"1001"
2730,"1001"
2731,"1001"
2732,"885"
2733,"893"
2734,"893"
2735,"993"
2736,"993"
2737,"993"
2738,"993"
2739,"993"
2740,"993"
2741,"993"
2742,"1010"
2743,"839"
2744,"839"
2745,"839"
2746,"839"
2747,"839"
2748,"973"
2749,"1345"
2750,"947"
2751,"862"
2752,"1052"
2753,"955"
2754,"955"
2755,"908"
2756,"982"
2757,"899"
2758,"974"
2759,"974"
2760,"1003"
2761,"1003"
2762,"1037"
2763,"1037"
2764,"1178"
2765,"1178"
2766,"1178"
2767,"1178"
2768,"1037"
2769,"964"
2770,"934"
2771,"874"
2772,"981"
2773,"981"
2774,"1012"
2775,"1008"
2776,"875"
2777,"888"
2778,"862"
2779,"862"
2780,"904"
2781,"871"
2782,"1234"
2783,"983"
2784,"983"
2785,"1008"
2786,"1260"
2787,"1003"
2788,"1254"
2789,"1032"
2790,"955"
2791,"955"
2792,"955"
2793,"1092"
2794,"923"
2795,"908"
2796,"1102"
2797,"1102"
2798,"1179"
2799,"1102"
2800,"1008"
2801,"1008"
2802,"867"
2803,"867"
2804,"1000"
2805,"906"
2806,"821"
2807,"983"
2808,"885"
2809,"891"
2810,"892"
2811,"1037"
2812,"1037"
2813,"992"
2814,"866"
2815,"838"
2816,"1032"
2817,"980"
2818,"1323"
2819,"1323"
2820,"1323"
2821,"839"
2822,"839"
2823,"1017"
2824,"1007"
2825,"966"
2826,"966"
2827,"845"
2828,"845"
2829,"845"
2830,"845"
2831,"851"
2832,"1042"
2833,"902"
2834,"887"
2835,"862"
2836,"955"
2837,"955"
2838,"927"
2839,"902"
2840,"959"
2841,"959"
2842,"959"
2843,"959"
2844,"959"
2845,"959"
2846,"959"
2847,"959"
2848,"959"
2849,"1364"
2850,"1028"
2851,"925"
2852,"972"
2853,"972"
2854,"972"
2855,"972"
2856,"972"
2857,"959"
2858,"959"
2859,"959"
2860,"959"
2861,"959"
2862,"959"
2863,"925"
2864,"859"
2865,"947"
2866,"915"
2867,"952"
2868,"972"
2869,"972"
2870,"959"
2871,"959"
2872,"868"
2873,"915"
2874,"897"
2875,"862"
2876,"976"
2877,"908"
2878,"1018"
2879,"925"
2880,"1001"
2881,"1001"
2882,"1001"
2883,"1001"
2884,"1001"
2885,"1001"
2886,"925"
2887,"925"
2888,"925"
2889,"925"
2890,"925"
2891,"925"
2892,"925"
2893,"925"
2894,"925"
2895,"1115"
2896,"1001"
2897,"1001"
2898,"833"
2899,"931"
2900,"1152"
2901,"1152"
2902,"1152"
2903,"1152"
2904,"1152"
2905,"1152"
2906,"1152"
2907,"1152"
2908,"1152"
2909,"1152"
2910,"1152"
2911,"1152"
2912,"1152"
2913,"1152"
2914,"1152"
2915,"1152"
2916,"1152"
2917,"1152"
2918,"1152"
2919,"1152"
2920,"1152"
2921,"1152"
2922,"1152"
2923,"1152"
2924,"1152"
2925,"1152"
2926,"1152"
2927,"1152"
2928,"1152"
2929,"1152"
2930,"1152"
2931,"1152"
2932,"1152"
2933,"1152"
2934,"1152"
2935,"1152"
2936,"1152"
2937,"1152"
2938,"1152"
2939,"1152"
2940,"1152"
2941,"1152"
2942,"1152"
2943,"1152"
2944,"1152"
2945,"1152"
2946,"1152"
2947,"1152"
2948,"1152"
2949,"1152"
2950,"1152"
2951,"1152"
2952,"1152"
2953,"1152"
2954,"1152"
2955,"1152"
2956,"1152"
2957,"1152"
2958,"1152"
2959,"1152"
2960,"1152"
2961,"1152"
2962,"1152"
2963,"1152"
2964,"1152"
2965,"1152"
2966,"1152"
2967,"1152"
2968,"1152"
2969,"1152"
2970,"1152"
2971,"1175"
2972,"1175"
2973,"1175"
2974,"1175"
2975,"1175"
2976,"1175"
2977,"1175"
2978,"1175"
2979,"1175"
2980,"1175"
2981,"1175"
2982,"1175"
2983,"1175"
2984,"1175"
2985,"1175"
2986,"1175"
2987,"1175"
2988,"1175"
2989,"1175"
2990,"1175"
2991,"1175"
2992,"1175"
2993,"1175"
2994,"1175"
2995,"1175"
2996,"1175"
2997,"1175"
2998,"1175"
2999,"1152"
3000,"1175"
3001,"1175"
3002,"1175"
3003,"1175"
3004,"1175"
3005,"1175"
3006,"1175"
3007,"1175"
3008,"1152"
3009,"1152"
3010,"1152"
3011,"1152"
3012,"1152"
3013,"1152"
3014,"1152"
3015,"1152"
3016,"1152"
3017,"1152"
3018,"1152"
3019,"1152"
3020,"1152"
3021,"1152"
3022,"1152"
3023,"1152"
3024,"1152"
3025,"1152"
3026,"1152"
3027,"1152"
3028,"1152"
3029,"1152"
3030,"1152"
3031,"1152"
3032,"1152"
3033,"1152"
3034,"1152"
3035,"1152"
3036,"1152"
3037,"1152"
3038,"1152"
3039,"1152"
3040,"1152"
3041,"1152"
3042,"1152"
3043,"1152"
3044,"1152"
3045,"1152"
3046,"1152"
3047,"1152"
3048,"1152"
3049,"1152"
3050,"1152"
3051,"1152"
3052,"1152"
3053,"1152"
3054,"1152"
3055,"1152"
3056,"1152"
3057,"1152"
3058,"1152"
3059,"1152"
3060,"1152"
3061,"1152"
3062,"1083"
3063,"1115"
3064,"1152"
3065,"1005"
3066,"1027"
3067,"1064"
3068,"955"
3069,"1028"
3070,"1176"
3071,"1179"
3072,"972"
3073,"1062"
3074,"1036"
3075,"1032"
3076,"1006"
3077,"992"
3078,"992"
3079,"1136"
3080,"1136"
3081,"1006"
3082,"1072"
3083,"1012"
3084,"1006"
3085,"969"
3086,"1026"
3087,"975"
3088,"1056"
3089,"1147"
3090,"1137"
3091,"1032"
3092,"1103"
3093,"1271"
3094,"1271"
3095,"1064"
3096,"875"
3097,"1255"
3098,"1283"
3099,"1174"
3100,"923"
3101,"923"
3102,"876"
3103,"880"
3104,"931"
3105,"931"
3106,"1190"
3107,"1160"
3108,"1035"
3109,"1035"
3110,"1029"
3111,"1029"
3112,"854"
3113,"1119"
3114,"908"
3115,"1072"
3116,"1030"
3117,"1030"
3118,"1072"
3119,"1014"
3120,"1031"
3121,"1052"
3122,"1147"
3123,"1147"
3124,"1003"
3125,"992"
3126,"1147"
3127,"960"
3128,"1147"
3129,"1035"
3130,"1008"
3131,"1008"
3132,"1008"
3133,"1074"
3134,"1029"
3135,"1035"
3136,"1147"
3137,"1147"
3138,"1139"
3139,"867"
3140,"1266"
3141,"1266"
3142,"1037"
3143,"1052"
3144,"867"
3145,"867"
3146,"867"
3147,"867"
3148,"876"
3149,"876"
3150,"876"
3151,"1278"
3152,"867"
3153,"867"
3154,"867"
3155,"1284"
3156,"1284"
3157,"1284"
3158,"1284"
3159,"1208"
3160,"996"
3161,"996"
3162,"996"
3163,"996"
3164,"930"
3165,"908"
3166,"930"
3167,"908"
3168,"1295"
3169,"1313"
3170,"1295"
3171,"1313"
3172,"1313"
3173,"1313"
3174,"1313"
3175,"993"
3176,"1007"
3177,"1007"
3178,"1037"
3179,"1205"
3180,"1193"
3181,"1148"
3182,"1148"
3183,"908"
3184,"1284"
3185,"1125"
3186,"1147"
3187,"1068"
3188,"1068"
3189,"1035"
3190,"1135"
3191,"1149"
3192,"1119"
3193,"1135"
3194,"1068"
3195,"1068"
3196,"1068"
3197,"1001"
3198,"1001"
3199,"1001"
3200,"1001"
3201,"993"
3202,"993"
3203,"993"
3204,"993"
3205,"993"
3206,"993"
3207,"1001"
3208,"1001"
3209,"1001"
3210,"1001"
3211,"1001"
3212,"1001"
3213,"993"
3214,"1001"
3215,"1001"
3216,"1158"
3217,"1125"
3218,"1023"
3219,"1158"
3220,"1115"
3221,"1029"
3222,"1158"
3223,"1188"
3224,"1192"
3225,"1158"
3226,"975"
3227,"1184"
3228,"972"
3229,"959"
3230,"1179"
3231,"1035"
3232,"1068"
3233,"1068"
3234,"1068"
3235,"1175"
3236,"973"
3237,"973"
3238,"857"
3239,"973"
3240,"959"
3241,"1216"
3242,"927"
3243,"1198"
3244,"1158"
3245,"901"
3246,"1188"
3247,"1188"
3248,"980"
3249,"1105"
3250,"1105"
3251,"1198"
3252,"1198"
3253,"1198"
3254,"1263"
3255,"902"
3256,"1198"
3257,"1013"
3258,"998"
3259,"1324"
3260,"1324"
3261,"1324"
3262,"1324"
3263,"1324"
3264,"1160"
3265,"1211"
3266,"1032"
3267,"1168"
3268,"1228"
3269,"1003"
3270,"1003"
3271,"972"
3272,"1144"
3273,"1144"
3274,"1144"
3275,"1032"
3276,"1082"
3277,"1032"
3278,"1145"
3279,"1151"
3280,"1032"
3281,"1032"
3282,"1246"
3283,"1198"
3284,"1317"
3285,"1145"
3286,"1151"
3287,"1151"
3288,"1151"
3289,"855"
3290,"1188"
3291,"976"
3292,"930"
3293,"930"
3294,"930"
3295,"948"
3296,"920"
3297,"867"
3298,"867"
3299,"867"
3300,"1096"
3301,"1101"
3302,"1102"
3303,"1155"
3304,"1101"
3305,"1198"
3306,"1198"
3307,"1198"
3308,"1198"
3309,"1198"
3310,"1198"
3311,"1198"
3312,"1198"
3313,"1198"
3314,"1198"
3315,"1198"
3316,"1198"
3317,"1198"
3318,"1188"
3319,"1150"
3320,"1188"
3321,"983"
3322,"1034"
3323,"889"
3324,"1198"
3325,"1198"
3326,"1198"
3327,"1188"
3328,"878"
3329,"850"
3330,"1122"
3331,"1258"
3332,"985"
3333,"998"
3334,"1246"
3335,"908"
3336,"992"
3337,"1246"
3338,"1246"
3339,"1246"
3340,"1246"
3341,"1246"
3342,"1317"
3343,"1317"
3344,"900"
3345,"1185"
3346,"1167"
3347,"1151"
3348,"913"
3349,"976"
3350,"976"
3351,"913"
3352,"851"
3353,"913"
3354,"913"
3355,"913"
3356,"913"
3357,"913"
3358,"913"
3359,"913"
3360,"913"
3361,"913"
3362,"913"
3363,"913"
3364,"913"
3365,"913"
3366,"1248"
3367,"1035"
3368,"1035"
3369,"1035"
3370,"1035"
3371,"1035"
3372,"1035"
3373,"1035"
3374,"1035"
3375,"1035"
3376,"1035"
3377,"1035"
3378,"1035"
3379,"1267"
3380,"1248"
3381,"1264"
3382,"1285"
3383,"1285"
3384,"1285"
3385,"1285"
3386,"968"
3387,"991"
3388,"1004"
3389,"991"
3390,"872"
3391,"968"
3392,"1031"
3393,"927"
3394,"952"
3395,"1264"
3396,"1205"
3397,"1050"
3398,"1026"
3399,"1058"
3400,"1068"
3401,"1068"
3402,"1035"
3403,"1035"
3404,"1035"
3405,"1035"
3406,"1035"
3407,"996"
3408,"1101"
3409,"1125"
3410,"928"
3411,"1023"
3412,"950"
3413,"931"
3414,"966"
3415,"968"
3416,"968"
3417,"968"
3418,"837"
3419,"922"
3420,"1008"
3421,"968"
3422,"968"
3423,"1017"
3424,"1014"
3425,"1008"
3426,"958"
3427,"975"
3428,"925"
3429,"971"
3430,"996"
3431,"979"
3432,"996"
3433,"996"
3434,"996"
3435,"996"
3436,"996"
3437,"1055"
3438,"1055"
3439,"1055"
3440,"1055"
3441,"1160"
3442,"1030"
3443,"1191"
3444,"973"
3445,"1035"
3446,"1035"
3447,"1068"
3448,"855"
3449,"1050"
3450,"975"
3451,"1000"
3452,"973"
3453,"858"
3454,"858"
3455,"850"
3456,"885"
3457,"1063"
3458,"1008"
3459,"1008"
3460,"1008"
3461,"1008"
3462,"1008"
3463,"1008"
3464,"1008"
3465,"1008"
3466,"1026"
3467,"1161"
3468,"1161"
3469,"990"
3470,"903"
3471,"1082"
3472,"1156"
3473,"1323"
3474,"1323"
3475,"993"
3476,"993"
3477,"993"
3478,"1001"
3479,"1001"
3480,"1001"
3481,"1001"
3482,"1001"
3483,"1001"
3484,"993"
3485,"993"
3486,"1167"
3487,"1167"
3488,"1001"
3489,"1001"
3490,"1001"
3491,"1001"
3492,"1001"
3493,"1001"
3494,"1001"
3495,"1001"
3496,"1001"
3497,"1001"
3498,"1001"
3499,"1001"
3500,"1001"
3501,"1001"
3502,"1001"
3503,"1001"
3504,"1001"
3505,"1001"
3506,"1001"
3507,"1002"
3508,"1001"
3509,"1001"
3510,"1001"
3511,"1001"
3512,"1001"
3513,"1001"
3514,"993"
3515,"993"
3516,"1001"
3517,"864"
3518,"864"
3519,"1132"
3520,"1035"
3521,"1035"
3522,"1035"
3523,"1035"
3524,"1035"
3525,"1035"
3526,"1035"
3527,"1035"
3528,"1035"
3529,"1035"
3530,"1035"
3531,"1035"
3532,"1035"
3533,"1035"
3534,"1035"
3535,"1035"
3536,"1035"
3537,"1020"
3538,"983"
3539,"1018"
3540,"1151"
3541,"1002"
3542,"903"
3543,"903"
3544,"903"
3545,"903"
3546,"903"
3547,"903"
3548,"1036"
3549,"1020"
3550,"993"
3551,"993"
3552,"993"
3553,"993"
3554,"993"
3555,"993"
3556,"993"
3557,"993"
3558,"993"
3559,"993"
3560,"993"
3561,"993"
3562,"993"
3563,"993"
3564,"993"
3565,"993"
3566,"993"
3567,"993"
3568,"1290"
3569,"1176"
3570,"1176"
3571,"1176"
3572,"973"
3573,"1052"
3574,"1029"
3575,"1035"
3576,"1035"
3577,"1035"
3578,"1035"
3579,"1035"
3580,"1035"
3581,"1035"
3582,"1035"
3583,"1035"
3584,"1035"
3585,"1035"
3586,"1035"
3587,"1035"
3588,"976"
3589,"1167"
3590,"1167"
3591,"1086"
3592,"1052"
3593,"998"
3594,"1149"
3595,"1151"
3596,"990"
3597,"1007"
3598,"1007"
3599,"1036"
3600,"1009"
3601,"977"
3602,"977"
3603,"1036"
3604,"977"
3605,"1026"
3606,"1029"
3607,"1017"
3608,"1017"
3609,"1266"
3610,"1007"
3611,"1026"
3612,"1026"
3613,"1026"
3614,"1026"
3615,"1036"
3616,"952"
3617,"1131"
3618,"835"
3619,"1063"
3620,"1063"
3621,"1052"
3622,"983"
3623,"977"
3624,"1055"
3625,"1055"
3626,"1055"
3627,"1007"
3628,"1007"
3629,"1007"
3630,"1007"
3631,"1007"
3632,"992"
3633,"864"
3634,"837"
3635,"837"
3636,"837"
3637,"837"
3638,"837"
3639,"1036"
3640,"1036"
3641,"1055"
3642,"1055"
3643,"1055"
3644,"998"
3645,"977"
3646,"1010"
3647,"1011"
3648,"1011"
3649,"1011"
3650,"858"
3651,"858"
3652,"1013"
3653,"1013"
3654,"1013"
3655,"1009"
3656,"1009"
3657,"1190"
3658,"1050"
3659,"1050"
3660,"1050"
3661,"1055"
3662,"1055"
3663,"977"
3664,"998"
3665,"998"
3666,"998"
3667,"998"
3668,"998"
3669,"1007"
3670,"1007"
3671,"862"
3672,"1036"
3673,"1036"
3674,"1007"
3675,"1007"
3676,"1007"
3677,"975"
3678,"1036"
3679,"1036"
3680,"1283"
3681,"977"
3682,"977"
3683,"977"
3684,"980"
3685,"977"
3686,"977"
3687,"920"
3688,"977"
3689,"977"
3690,"977"
3691,"977"
3692,"805"
3693,"1050"
3694,"1240"
3695,"1240"
3696,"1019"
3697,"871"
3698,"950"
3699,"968"
3700,"994"
3701,"1010"
3702,"1032"
3703,"1032"
3704,"960"
3705,"960"
3706,"1266"
3707,"1266"
3708,"1266"
3709,"1036"
3710,"1036"
3711,"1036"
3712,"1036"
3713,"1036"
3714,"1036"
3715,"1064"
3716,"1004"
3717,"945"
3718,"864"
3719,"864"
3720,"1008"
3721,"1008"
3722,"1008"
3723,"1008"
3724,"1115"
3725,"1115"
3726,"1115"
3727,"994"
3728,"965"
3729,"1241"
3730,"980"
3731,"975"
3732,"854"
3733,"858"
3734,"920"
3735,"960"
3736,"1284"
3737,"858"
3738,"858"
3739,"975"
3740,"1275"
3741,"858"
3742,"858"
3743,"864"
3744,"976"
3745,"965"
3746,"965"
3747,"1054"
3748,"996"
3749,"996"
3750,"858"
3751,"854"
3752,"867"
3753,"867"
3754,"867"
3755,"867"
3756,"867"
3757,"854"
3758,"858"
3759,"1163"
3760,"854"
3761,"1082"
3762,"968"
3763,"1024"
3764,"1007"
3765,"1161"
3766,"931"
3767,"879"
3768,"1262"
3769,"965"
3770,"1198"
3771,"1185"
3772,"1050"
3773,"1139"
3774,"1198"
3775,"987"
3776,"985"
3777,"1059"
3778,"908"
3779,"1113"
3780,"867"
3781,"1202"
3782,"1031"
3783,"1031"
3784,"1032"
3785,"1032"
3786,"1032"
3787,"1032"
3788,"1032"
3789,"1032"
3790,"1032"
3791,"1032"
3792,"1032"
3793,"1032"
3794,"993"
3795,"1002"
3796,"1010"
3797,"1010"
3798,"1010"
3799,"965"
3800,"1280"
3801,"891"
3802,"980"
3803,"966"
3804,"965"
3805,"1021"
3806,"1037"
3807,"965"
3808,"975"
3809,"1041"
3810,"1041"
3811,"1041"
3812,"1000"
3813,"1041"
3814,"1041"
3815,"1041"
3816,"1041"
3817,"1041"
3818,"1041"
3819,"1041"
3820,"1041"
3821,"1041"
3822,"1176"
3823,"971"
3824,"971"
3825,"971"
3826,"971"
3827,"971"
3828,"971"
3829,"965"
3830,"886"
3831,"969"
3832,"1021"
3833,"1101"
3834,"1176"
3835,"1230"
3836,"1179"
3837,"1048"
3838,"1043"
3839,"1063"
3840,"1190"
3841,"971"
3842,"1035"
3843,"1068"
3844,"1035"
3845,"1035"
3846,"1035"
3847,"1035"
3848,"1035"
3849,"1035"
3850,"1035"
3851,"1035"
3852,"1035"
3853,"1035"
3854,"1035"
3855,"1035"
3856,"1035"
3857,"1035"
3858,"1068"
3859,"1068"
3860,"1068"
3861,"1068"
3862,"1035"
3863,"860"
3864,"860"
3865,"860"
3866,"860"
3867,"860"
3868,"860"
3869,"860"
3870,"860"
3871,"860"
3872,"860"
3873,"860"
3874,"1050"
3875,"878"
3876,"860"
3877,"860"
3878,"860"
3879,"860"
3880,"860"
3881,"860"
3882,"860"
3883,"878"
3884,"878"
3885,"878"
3886,"878"
3887,"1180"
3888,"1050"
3889,"892"
3890,"1050"
3891,"1050"
3892,"1050"
3893,"950"
3894,"985"
3895,"1050"
3896,"854"
3897,"854"
3898,"956"
3899,"838"
3900,"876"
3901,"977"
3902,"972"
3903,"972"
3904,"972"
3905,"972"
3906,"998"
3907,"1052"
3908,"971"
3909,"971"
3910,"971"
3911,"971"
3912,"1069"
3913,"1050"
3914,"1069"
3915,"1069"
3916,"853"
3917,"936"
3918,"936"
3919,"1069"
3920,"1069"
3921,"936"
3922,"858"
3923,"936"
3924,"858"
3925,"858"
3926,"936"
3927,"858"
3928,"936"
3929,"971"
3930,"971"
3931,"971"
3932,"971"
3933,"971"
3934,"971"
3935,"1090"
3936,"988"
3937,"988"
3938,"930"
3939,"839"
3940,"839"
3941,"1125"
3942,"1102"
3943,"1102"
3944,"1102"
3945,"1123"
3946,"1123"
3947,"1132"
3948,"1176"
3949,"1176"
3950,"1176"
3951,"1155"
3952,"986"
3953,NULL
3954,"1132"
3955,"1132"
3956,"1003"
3957,"1005"
3958,"1159"
3959,"1094"
3960,"1193"
3961,"1021"
3962,"976"
3963,"1074"
3964,"968"
3965,"1015"
3966,"997"
3967,"986"
3968,"1132"
3969,"976"
3970,"968"
3971,"1022"
3972,"976"
3973,"976"
3974,"1029"
3975,"936"
3976,"936"
3977,"839"
3978,"839"
3979,"839"
3980,"839"
3981,"839"
3982,"839"
3983,"839"
3984,"936"
3985,"968"
3986,"968"
3987,"864"
3988,"839"
3989,"976"
3990,"888"
3991,"888"
3992,"976"
3993,"888"
3994,"888"
3995,"888"
3996,"888"
3997,"888"
3998,"888"
3999,"1050"
4000,"1050"
4001,"1050"
4002,"888"
4003,"888"
4004,"888"
4005,"888"
4006,"888"
4007,"888"
4008,"888"
4009,"888"
4010,"888"
4011,"1082"
4012,"888"
4013,"888"
4014,"888"
4015,"888"
4016,"888"
4017,"888"
4018,"976"
4019,"976"
4020,"976"
4021,"976"
4022,"976"
4023,"976"
4024,"976"
4025,"968"
4026,"892"
4027,"888"
4028,"888"
4029,"888"
4030,"888"
4031,"888"
4032,"888"
4033,"888"
4034,"848"
4035,"838"
4036,"838"
4037,"892"
4038,"931"
4039,"1111"
4040,"1111"
4041,"1090"
4042,"1090"
4043,"1090"
4044,"1036"
4045,"1034"
4046,"1093"
4047,"1036"
4048,"1064"
4049,"1068"
4050,"1068"
4051,"1068"
4052,"1068"
4053,"1064"
4054,"1090"
4055,"1014"
4056,"1018"
4057,"1064"
4058,"1068"
4059,"920"
4060,"920"
4061,"920"
4062,"920"
4063,"920"
4064,"920"
4065,"920"
4066,"920"
4067,"920"
4068,"955"
4069,"955"
4070,"920"
4071,"920"
4072,"1078"
4073,"969"
4074,"1078"
4075,"1078"
4076,"1078"
4077,"1020"
4078,"1024"
4079,"866"
4080,"864"
4081,"976"
4082,"976"
4083,"976"
4084,"976"
4085,"976"
4086,"976"
4087,"1054"
4088,"1054"
4089,"1027"
4090,"976"
4091,"1008"
4092,"1064"
4093,"921"
4094,"921"
4095,"921"
4096,"921"
4097,"1027"
4098,"950"
4099,"950"
4100,"950"
4101,"950"
4102,"950"
4103,"950"
4104,"950"
4105,"950"
4106,"950"
4107,"950"
4108,"950"
4109,"950"
4110,"976"
4111,"976"
4112,"976"
4113,"976"
4114,"858"
4115,"921"
4116,"921"
4117,"921"
4118,"1019"
4119,"983"
4120,"983"
4121,"975"
4122,"976"
4123,"976"
4124,"976"
4125,"976"
4126,"1021"
4127,"920"
4128,"920"
4129,"920"
4130,"920"
4131,"1035"
4132,"920"
4133,"976"
4134,"1020"
4135,"1083"
4136,"1020"
4137,"1020"
4138,"976"
4139,"976"
4140,"976"
4141,"976"
4142,"976"
4143,"1042"
4144,"1042"
4145,"1042"
4146,"1042"
4147,"1042"
4148,"1205"
4149,"993"
4150,"993"
4151,"993"
4152,"1008"
4153,"1008"
4154,"975"
4155,"975"
4156,"975"
4157,"975"
4158,"1017"
4159,"979"
4160,"850"
4161,"839"
4162,"936"
4163,"936"
4164,"936"
4165,"979"
4166,"936"
4167,"936"
4168,"891"
4169,"1031"
4170,"1130"
4171,"1031"
4172,"1031"
4173,"1031"
4174,"993"
4175,"839"
4176,"1001"
4177,"839"
4178,"984"
4179,"839"
4180,"1072"
4181,"993"
4182,"969"
4183,"969"
4184,"859"
4185,"859"
4186,"1072"
4187,"903"
4188,"903"
4189,"903"
4190,"903"
4191,"903"
4192,"903"
4193,"864"
4194,"864"
4195,"928"
4196,"903"
4197,"903"
4198,"903"
4199,"903"
4200,"903"
4201,"903"
4202,"903"
4203,"1024"
4204,"885"
4205,"885"
4206,"885"
4207,"1081"
4208,"1037"
4209,"1037"
4210,"1008"
4211,"1037"
4212,"1008"
4213,"980"
4214,"1037"
4215,"932"
4216,"968"
4217,"968"
4218,"1008"
4219,"1008"
4220,"1008"
4221,"1008"
4222,"1008"
4223,"1008"
4224,"1008"
4225,"948"
4226,"1036"
4227,"1032"
4228,"1012"
4229,"1012"
4230,"1012"
4231,"1012"
4232,"1012"
4233,"1012"
4234,"1012"
4235,"1012"
4236,"860"
4237,"1036"
4238,"1226"
4239,"1010"
4240,"1010"
4241,"1010"
4242,"1010"
4243,"996"
4244,"996"
4245,"996"
4246,"996"
4247,"915"
4248,"996"
4249,"985"
4250,"985"
4251,"985"
4252,"860"
4253,"1029"
4254,"980"
4255,"950"
4256,"950"
4257,"838"
4258,"955"
4259,"1002"
4260,"996"
4261,"1068"
4262,"849"
4263,"867"
4264,"867"
4265,"849"
4266,"867"
4267,"955"
4268,"849"
4269,"975"
4270,"1175"
4271,"1175"
4272,"1175"
4273,"960"
4274,"1175"
4275,"1175"
4276,"1175"
4277,"1175"
4278,"1175"
4279,"1175"
4280,"1175"
4281,"1026"
4282,"1026"
4283,"1026"
4284,"1026"
4285,"1175"
4286,"1175"
4287,"1175"
4288,"1175"
4289,"1175"
4290,"1175"
4291,"1175"
4292,"1175"
4293,"1175"
4294,"1175"
4295,"1175"
4296,"1175"
4297,"1175"
4298,"1175"
4299,"1175"
4300,"960"
4301,"1175"
4302,"1055"
4303,"904"
4304,"904"
4305,"1166"
4306,"1175"
4307,"1175"
4308,"1175"
4309,"1175"
4310,"1175"
4311,"1175"
4312,"1175"
4313,"899"
4314,"993"
4315,"1175"
4316,"1175"
4317,"1175"
4318,"899"
4319,"1175"
4320,"1175"
4321,"891"
4322,"1175"
4323,"891"
4324,"1175"
4325,"899"
4326,"1175"
4327,"1175"
4328,"1175"
4329,"1175"
4330,"1175"
4331,"1175"
4332,"1175"
4333,"1175"
4334,"993"
4335,"1175"
4336,"993"
4337,"1012"
4338,"1012"
4339,"993"
4340,"993"
4341,"993"
4342,"891"
4343,"899"
4344,"993"
4345,"993"
4346,"899"
4347,"858"
4348,"891"
4349,"993"
4350,"993"
4351,"993"
4352,"993"
4353,"1175"
4354,"1175"
4355,"1175"
4356,"1175"
4357,"1175"
4358,"1175"
4359,"1175"
4360,"1175"
4361,"1175"
4362,"1175"
4363,"1175"
4364,"1175"
4365,"1175"
4366,"1175"
4367,"1175"
4368,"1175"
4369,"1175"
4370,"1175"
4371,"1175"
4372,"1175"
4373,"1175"
4374,"1175"
4375,"1175"
4376,"947"
4377,"1042"
4378,"979"
4379,"979"
4380,"979"
4381,"979"
4382,"1254"
4383,"1254"
4384,"1254"
4385,"1254"
4386,"1254"
4387,"1254"
4388,"1254"
4389,"1254"
4390,"1254"
4391,"1254"
4392,"1254"
4393,"1254"
4394,"1254"
4395,"1254"
4396,"1254"
4397,"1254"
4398,"1254"
4399,"1254"
4400,"1254"
4401,"1254"
4402,"1254"
4403,"1254"
4404,"1254"
4405,"1254"
4406,"1254"
4407,"1254"
4408,"1254"
4409,"1254"
4410,"1254"
4411,"1254"
4412,"1254"
4413,"1254"
4414,"1254"
4415,"1254"
4416,"1254"
4417,"1254"
4418,"1254"
4419,"1254"
4420,"1254"
4421,"1254"
4422,"1254"
4423,"1254"
4424,"1254"
4425,"1254"
4426,"1010"
4427,"1254"
4428,"1254"
4429,"1254"
4430,"1254"
4431,"1254"
4432,"1254"
4433,"1114"
4434,"1254"
4435,"1254"
4436,"1254"
4437,"1254"
4438,"1175"
4439,"1076"
4440,"1076"
4441,"1019"
4442,"1106"
4443,"980"
4444,"971"
4445,"1175"
4446,"1175"
4447,"1234"
4448,"1017"
4449,"1017"
4450,"1017"
4451,"1175"
4452,"1175"
4453,"1175"
4454,"1175"
4455,"1175"
4456,"1032"
4457,"975"
4458,"1022"
4459,"975"
4460,"975"
4461,"914"
4462,"1175"
4463,"851"
4464,"851"
4465,"851"
4466,"851"
4467,"1175"
4468,"1175"
4469,"1175"
4470,"1175"
4471,"1175"
4472,"910"
4473,"862"
4474,"965"
4475,"965"
4476,"1175"
4477,"1175"
4478,"1175"
4479,"984"
4480,"975"
4481,"965"
4482,"961"
4483,"855"
4484,"855"
4485,"855"
4486,"855"
4487,"855"
4488,"887"
4489,"887"
4490,"855"
4491,"901"
4492,"1048"
4493,"1029"
4494,"1068"
4495,"1137"
4496,"931"
4497,"965"
4498,"965"
4499,"1007"
4500,"872"
4501,"965"
4502,"1029"
4503,"1029"
4504,"1029"
4505,"1032"
4506,"1032"
4507,"1032"
4508,"1032"
4509,"1091"
4510,"1035"
4511,"965"
4512,"965"
4513,"920"
4514,"920"
4515,"920"
4516,"920"
4517,"920"
4518,"920"
4519,"920"
4520,"920"
4521,"920"
4522,"1032"
4523,"1032"
4524,"1032"
4525,"1032"
4526,"965"
4527,"1010"
4528,"1145"
4529,"985"
4530,"985"
4531,"969"
4532,"1145"
4533,"1145"
4534,"1145"
4535,"969"
4536,"859"
4537,"1190"
4538,"1190"
4539,"839"
4540,"1021"
4541,"1149"
4542,"1136"
4543,"959"
4544,"1264"
4545,"1010"
4546,"1149"
4547,"985"
4548,"989"
4549,"1032"
4550,"1032"
4551,"1032"
4552,"1037"
4553,"1010"
4554,"1136"
4555,"1136"
4556,"998"
4557,"1035"
4558,"1145"
4559,"1048"
4560,"1149"
4561,"1136"
4562,"975"
4563,"864"
4564,"1022"
4565,"969"
4566,"1115"
4567,"1115"
4568,"996"
4569,"1122"
4570,"930"
4571,"1111"
4572,"872"
4573,"1037"
4574,"886"
4575,"1032"
4576,"1032"
4577,"1189"
4578,"1068"
4579,"1068"
4580,"987"
4581,"1037"
4582,"1007"
4583,"1037"
4584,"1037"
4585,"1037"
4586,"1037"
4587,"1037"
4588,"1037"
4589,"1037"
4590,"1037"
4591,"1037"
4592,"1145"
4593,"1145"
4594,"1145"
4595,"1145"
4596,"1145"
4597,"858"
4598,"858"
4599,"862"
4600,"975"
4601,"975"
4602,"975"
4603,"1014"
4604,"1014"
4605,"1014"
4606,"1014"
4607,"1050"
4608,"1050"
4609,"996"
4610,"1041"
4611,"1000"
4612,"1007"
4613,"1007"
4614,"1007"
4615,"1007"
4616,"1007"
4617,"908"
4618,"1050"
4619,"908"
4620,"1034"
4621,"1032"
4622,"1000"
4623,"1276"
4624,"1158"
4625,"1188"
4626,"1188"
4627,"1158"
4628,"1188"
4629,"1188"
4630,"872"
4631,"1158"
4632,"1158"
4633,"1158"
4634,"1158"
4635,"1050"
4636,"1050"
4637,"1050"
4638,"1050"
4639,"1050"
4640,"1084"
4641,"1034"
4642,"1034"
4643,"1053"
4644,"1010"
4645,"1158"
4646,"1032"
4647,"900"
4648,"900"
4649,"900"
4650,"877"
4651,"877"
4652,"900"
4653,"900"
4654,"848"
4655,"877"
4656,"877"
4657,"880"
4658,"880"
4659,"880"
4660,"1324"
4661,"1324"
4662,"989"
4663,"976"
4664,"1050"
4665,"1324"
4666,"1324"
4667,"979"
4668,"999"
4669,"901"
4670,"901"
4671,"862"
4672,"839"
4673,"871"
4674,"936"
4675,"887"
4676,"955"
4677,"1055"
4678,"1158"
4679,"1396"
4680,"1000"
4681,"1037"
4682,"1008"
4683,"1324"
4684,"1324"
4685,"1324"
4686,"1324"
4687,"1264"
4688,"1050"
4689,"1115"
4690,"1050"
4691,"1111"
4692,"1047"
4693,"1050"
4694,"1115"
4695,"1050"
4696,"1047"
4697,"1050"
4698,"1050"
4699,"1050"
4700,"1050"
4701,"1050"
4702,"1399"
4703,"1141"
4704,"1234"
4705,"1050"
4706,"1050"
4707,"1050"
4708,"954"
4709,"1050"
4710,"1044"
4711,"961"
4712,"1044"
4713,"1044"
4714,"1050"
4715,"1050"
4716,"1050"
4717,"1093"
4718,"879"
4719,"1005"
4720,"879"
4721,"988"
4722,"1033"
4723,"1044"
4724,"1044"
4725,"1044"
4726,"1044"
4727,"1044"
4728,"1044"
4729,"1044"
4730,"1250"
4731,"1050"
4732,"1050"
4733,"1050"
4734,"1050"
4735,"1050"
4736,"849"
4737,"849"
4738,"1188"
4739,"1188"
4740,"1188"
4741,"1188"
4742,"1188"
4743,"1188"
4744,"1188"
4745,"1188"
4746,"1158"
4747,"1050"
4748,"1158"
4749,"1158"
4750,"1158"
4751,"1158"
4752,"1188"
4753,"1050"
4754,"1050"
4755,"949"
4756,"877"
4757,"1188"
4758,"1158"
4759,"1188"
4760,"1188"
4761,"1158"
4762,"1158"
4763,"839"
4764,"1205"
4765,"1205"
4766,"1037"
4767,"1054"
4768,"1188"
4769,"1030"
4770,"877"
4771,"847"
4772,"1019"
4773,"1190"
4774,"1190"
4775,"1043"
4776,"1043"
4777,"1043"
4778,"1043"
4779,"1043"
4780,"1043"
4781,"1043"
4782,"1043"
4783,"1043"
4784,"1043"
4785,"1043"
4786,"1043"
4787,"1043"
4788,"1043"
4789,"1043"
4790,"1043"
4791,"1043"
4792,"1043"
4793,"1043"
4794,"1043"
4795,"1043"
4796,"1259"
4797,"930"
4798,"847"
4799,"1021"
4800,"1021"
4801,"1190"
4802,"979"
4803,"965"
4804,"1021"
4805,"1279"
4806,"1279"
4807,"979"
4808,"1261"
4809,"925"
4810,"1050"
4811,"1261"
4812,"1050"
4813,"1240"
4814,"998"
4815,"998"
4816,"1044"
4817,"1044"
4818,"1044"
4819,"1044"
4820,"1044"
4821,"1044"
4822,"1044"
4823,"1050"
4824,"1050"
4825,"1050"
4826,"1050"
4827,"1050"
4828,"1012"
4829,"885"
4830,"1323"
4831,"1323"
4832,"1323"
4833,"1323"
4834,"920"
4835,"1049"
4836,"1049"
4837,"965"
4838,"1050"
4839,"1050"
4840,"1050"
4841,"1050"
4842,"1050"
4843,"1050"
4844,"1050"
4845,"1050"
4846,"1050"
4847,"1050"
4848,"863"
4849,"947"
4850,"947"
4851,"885"
4852,"885"
4853,"1048"
4854,"1205"
4855,"868"
4856,"1160"
4857,"1255"
4858,"1255"
4859,"1283"
4860,"1068"
4861,"913"
4862,"913"
4863,"1255"
4864,"1079"
4865,"1069"
4866,"837"
4867,"1301"
4868,"1301"
4869,"1301"
4870,"1301"
4871,"1301"
4872,"1301"
4873,"1301"
4874,"1301"
4875,"856"
4876,"1301"
4877,"1139"
4878,"1290"
4879,"1036"
4880,"1167"
4881,"1167"
4882,"989"
4883,"1049"
4884,"858"
4885,"996"
4886,"975"
4887,"975"
4888,"1004"
4889,"1037"
4890,"1004"
4891,"1004"
4892,"1004"
4893,"1004"
4894,"1004"
4895,"1004"
4896,"1004"
4897,"1004"
4898,"1004"
4899,"1025"
4900,"1025"
4901,"1025"
4902,"1025"
4903,"1025"
4904,"1025"
4905,"1025"
4906,"1025"
4907,"1025"
4908,"1025"
4909,"1025"
4910,"850"
4911,"1037"
4912,"1025"
4913,"1025"
4914,"1025"
4915,"1025"
4916,"1025"
4917,"1025"
4918,"1025"
4919,"1139"
4920,"1025"
4921,"976"
4922,"1025"
4923,"1025"
4924,"1025"
4925,"1025"
4926,"1025"
4927,"1025"
4928,"1025"
4929,"1025"
4930,"1025"
4931,"1025"
4932,"1025"
4933,"1025"
4934,"1002"
4935,"1025"
4936,"1002"
4937,"1023"
4938,"1045"
4939,"1045"
4940,"1023"
4941,"1023"
4942,"1023"
4943,"1023"
4944,"1023"
4945,"951"
4946,"951"
4947,"951"
4948,"951"
4949,"951"
4950,"951"
4951,"1045"
4952,"958"
4953,"958"
4954,"958"
4955,"951"
4956,"934"
4957,"838"
4958,"852"
4959,"1050"
4960,"1050"
4961,"1010"
4962,"862"
4963,"903"
4964,"1002"
4965,"1002"
4966,"1050"
4967,"973"
4968,"973"
4969,"966"
4970,"1019"
4971,"999"
4972,"945"
4973,"1024"
4974,"1033"
4975,"1047"
4976,"1018"
4977,"1064"
4978,"1064"
4979,"1036"
4980,"1038"
4981,"1032"
4982,"1115"
4983,"1153"
4984,"1155"
4985,"1010"
4986,"1004"
4987,"925"
4988,"1248"
4989,"1222"
4990,"1222"
4991,"1163"
4992,"1214"
4993,"1064"
4994,"1064"
4995,"1236"
4996,"1050"
4997,"1050"
4998,"1277"
4999,"1323"
5000,"1277"
5001,"1212"
5002,"1250"
5003,"1280"
5004,"870"
5005,"1280"
5006,"933"
5007,"1253"
5008,"1284"
5009,"1221"
5010,"1284"
5011,"1221"
5012,"928"
5013,"886"
5014,"1310"
5015,"1128"
5016,"1156"
5017,"1057"
5018,"1160"
5019,"1211"
5020,"1111"
5021,"1111"
5022,"982"
5023,"1280"
5024,"966"
5025,"1345"
5026,"1345"
5027,"1345"
5028,"1345"
5029,"1345"
5030,"1345"
5031,"1160"
5032,"1313"
5033,"1109"
5034,"1106"
5035,"1266"
5036,"985"
5037,"985"
5038,"985"
5039,"985"
5040,"985"
5041,"985"
5042,"985"
5043,"985"
5044,"985"
5045,"985"
5046,"985"
5047,"985"
5048,"985"
5049,"985"
5050,"985"
5051,"985"
5052,"985"
5053,"985"
5054,"985"
5055,"985"
5333,"871"
5056,"1156"
5057,"1059"
5058,"925"
5059,"1057"
5060,"1090"
5061,"1090"
5062,"1090"
5063,"1090"
5064,"1090"
5065,"1148"
5066,"1345"
5067,"1190"
5068,"1033"
5069,"1168"
5070,"925"
5071,"1345"
5072,"1190"
5073,"1050"
5074,"1050"
5075,"1050"
5076,"1050"
5077,"1050"
5078,"1050"
5079,"1050"
5080,"1050"
5081,"1050"
5082,"1050"
5083,"985"
5084,"985"
5085,"973"
5086,"973"
5087,"1050"
5088,"1050"
5089,"1050"
5090,"1050"
5091,"1050"
5092,"1050"
5093,"1050"
5094,"1050"
5095,"1050"
5096,"1050"
5097,"1050"
5098,"1050"
5099,"1050"
5100,"1050"
5101,"1050"
5102,"1090"
5103,"1106"
5104,"1160"
5105,"1160"
5106,"1160"
5107,"1160"
5108,"1160"
5109,"1160"
5110,"1160"
5111,"1160"
5112,"1160"
5113,"1184"
5114,"1184"
5115,"1184"
5116,"1184"
5117,"1184"
5118,"1184"
5119,"1078"
5120,"1078"
5121,"1012"
5122,"1012"
5123,"1012"
5124,"1012"
5125,"973"
5126,"1205"
5127,"1163"
5128,"1323"
5129,"1310"
5130,"1128"
5131,"1324"
5132,"1026"
5133,"945"
5134,"1026"
5135,"1053"
5136,"1012"
5137,"1012"
5138,"1012"
5139,"1012"
5140,"1012"
5141,"1012"
5142,"1012"
5143,"1012"
5144,"1012"
5145,"1012"
5146,"1012"
5147,"1012"
5148,"1012"
5149,"1012"
5150,"1012"
5151,"1012"
5152,"1012"
5153,"1012"
5154,"989"
5155,"1026"
5156,"1026"
5157,"1026"
5158,"1026"
5159,"1026"
5160,"1026"
5161,"1026"
5162,"1026"
5163,"1026"
5164,"1026"
5165,"1026"
5166,"1026"
5167,"1026"
5168,"1026"
5169,"1026"
5170,"1026"
5171,"1026"
5172,"1026"
5173,"1026"
5174,"1026"
5175,"1026"
5176,"1026"
5177,"1026"
5178,"1026"
5179,"1026"
5180,"1026"
5181,"1026"
5182,"1026"
5183,"1026"
5184,"1026"
5185,"1026"
5186,"1026"
5187,"1026"
5188,"1057"
5189,"885"
5190,"885"
5191,"885"
5192,"885"
5193,"885"
5194,"885"
5195,"885"
5196,"885"
5197,"885"
5198,"885"
5199,"885"
5200,"885"
5201,"1026"
5202,"1026"
5203,"1026"
5204,"1026"
5205,"1026"
5334,"1050"
5206,"1026"
5207,"1050"
5208,"1050"
5209,"1050"
5210,"1050"
5211,"1050"
5212,"885"
5213,"885"
5214,"885"
5215,"885"
5216,"1024"
5217,"982"
5218,"962"
5219,"879"
5220,"921"
5221,"885"
5222,"860"
5223,"860"
5224,"860"
5225,"996"
5226,"996"
5227,"996"
5228,"996"
5229,"1028"
5230,"969"
5231,"969"
5232,"969"
5233,"969"
5234,"969"
5235,"969"
5236,"969"
5237,"969"
5238,"969"
5239,"986"
5240,"922"
5241,"879"
5242,"835"
5243,"850"
5244,"850"
5245,"961"
5246,"1024"
5247,"1036"
5248,"1036"
5249,"1036"
5250,"1036"
5251,"1007"
5252,"1226"
5253,"1036"
5254,"1036"
5255,"1036"
5256,"1036"
5257,"1036"
5258,"1036"
5259,"1036"
5260,"1036"
5261,"1036"
5262,"1036"
5263,"1036"
5264,"1036"
5265,"1036"
5266,"1036"
5267,"1036"
5268,"1036"
5269,"1036"
5270,"1036"
5271,"1036"
5272,"1036"
5273,"1036"
5274,"1036"
5275,"1064"
5276,"1064"
5277,"1036"
5278,"1036"
5279,"1036"
5280,"1036"
5281,"1036"
5282,"1036"
5283,"1036"
5284,"1036"
5285,"1036"
5286,"848"
5287,"1184"
5288,"1277"
5289,"1241"
5290,"1249"
5291,"1345"
5292,"1050"
5293,"1050"
5294,"1032"
5295,"1032"
5296,"1032"
5297,"1032"
5298,"1032"
5299,"1032"
5300,"1032"
5301,"1032"
5302,"1032"
5303,"1032"
5304,"1032"
5305,"1032"
5306,"1032"
5307,"1032"
5308,"1032"
5309,"996"
5310,"996"
5311,"996"
5312,"1050"
5313,"1050"
5314,"1050"
5315,"1050"
5316,"1050"
5317,"1050"
5318,"1050"
5319,"1050"
5320,"1050"
5321,"1050"
5322,"1050"
5323,"1050"
5324,"1050"
5325,"1050"
5326,"1050"
5327,"1050"
5328,"1050"
5329,"1050"
5330,"1050"
5331,"878"
5332,"996"
5335,"1050"
5336,"1050"
5337,"1050"
5338,"1050"
5339,"1050"
5340,"1050"
5341,"1050"
5342,"1050"
5343,"1050"
5344,"1050"
5345,"1050"
5346,"1050"
5347,"1050"
5348,"1050"
5349,"1050"
5350,"1050"
5351,"1050"
5352,"1050"
5353,"1050"
5354,"1050"
5355,"1050"
5356,"1050"
5357,"1050"
5358,"1050"
5359,"1050"
5360,"1050"
5361,"1050"
5362,"1050"
5363,"1050"
5364,"1050"
5365,"1050"
5366,"1050"
5367,"1050"
5368,"1050"
5369,"1255"
5370,"1255"
5371,"1255"
5372,"1255"
5373,"1255"
5374,"1255"
5375,"1255"
5376,"1255"
5377,"1255"
5378,"1255"
5379,"1189"
5380,"1189"
5381,"979"
5382,"1189"
5383,"905"
5384,"1047"
5385,"983"
5386,"979"
5387,"979"
5388,"979"
5389,"979"
5390,"979"
5391,"979"
5392,"979"
5393,"979"
5394,"979"
5395,"1050"
5396,"1050"
5397,"1050"
5398,"1050"
5399,"1050"
5400,"1050"
5401,"1050"
5402,"1050"
5403,"1050"
5404,"1050"
5405,"850"
5406,"1050"
5407,"1050"
5408,"1050"
5409,"1050"
5410,"1050"
5411,"1050"
5412,"1050"
5413,"1050"
5414,"1050"
5415,"1050"
5416,"1050"
5417,"1050"
5418,"1050"
5419,"1050"
5420,"1050"
5421,"1050"
5422,"1050"
5423,"1050"
5424,"1050"
5425,"1050"
5426,"1050"
5427,"1050"
5428,"1050"
5429,"1050"
5430,"1050"
5431,"1050"
5432,"1050"
5433,"1050"
5434,"1050"
5435,"1050"
5436,"1050"
5437,"1050"
5438,"1050"
5439,"1050"
5440,"1050"
5441,"1050"
5442,"1050"
5443,"1050"
5444,"1050"
5445,"1050"
5446,"1050"
5447,"1050"
5448,"1000"
5449,"975"
5450,"975"
5451,"975"
5452,"975"
5453,"975"
5454,"975"
5455,"975"
5456,"975"
5457,"975"
5458,"975"
5459,"975"
5460,"975"
5461,"975"
5462,"975"
5463,"975"
5464,"975"
5465,"975"
5466,"975"
5467,"975"
5468,"975"
5469,"975"
5470,"975"
5471,"975"
5472,"975"
5473,"975"
5474,"975"
5475,"975"
5476,"975"
5477,"975"
5478,"975"
5479,"975"
5480,"975"
5481,"975"
5482,"975"
5483,"975"
5484,"975"
5485,"975"
5486,"975"
5487,"975"
5488,"975"
5489,"975"
5490,"975"
5491,"975"
5492,"975"
5493,"975"
5494,"975"
5495,"975"
5496,"975"
5497,"975"
5498,"975"
5499,"975"
5500,"975"
5501,"975"
5502,"975"
5503,"975"
5504,"975"
5505,"975"
5506,"975"
5507,"975"
5508,"975"
5509,"975"
5510,"975"
5511,"975"
5512,"975"
5513,"975"
5514,"975"
5515,"975"
5516,"975"
5517,"838"
5518,"1043"
5519,"1224"
5520,"1224"
5521,"1224"
5522,"1224"
5523,"1224"
5524,"1224"
5525,"1224"
5526,"1224"
5527,"860"
5528,"996"
5529,"948"
5530,"976"
5531,"1050"
5532,"1050"
5533,"1050"
5534,"1050"
5535,"1050"
5536,"1050"
5537,"1050"
5538,"1050"
5539,"1050"
5540,"1050"
5541,"1050"
5542,"1050"
5543,"1050"
5544,"1050"
5545,"1050"
5546,"1050"
5547,"1050"
5548,"976"
5549,"976"
5550,"996"
5551,"920"
5552,"1043"
5553,"912"
5554,"912"
5555,"1050"
5556,"1050"
5557,"1050"
5558,"1105"
5559,"1050"
5560,"1050"
5561,"1050"
5562,"1050"
5563,"1050"
5564,"1050"
5565,"1050"
5566,"1050"
5567,"1050"
5568,"1050"
5569,"1050"
5570,"1050"
5571,"1050"
5572,"1050"
5573,"1050"
5574,"1050"
5575,"1050"
5576,"1050"
5577,"1050"
5578,"1050"
5579,"1050"
5580,"1050"
5581,"1050"
5582,"1050"
5583,"1050"
5584,"1050"
5585,"1050"
5586,"1050"
5587,"1050"
5588,"1020"
5589,"1020"
5590,"1020"
5591,"1020"
5592,"1020"
5593,"908"
5594,"1115"
5595,"950"
5596,"879"
5597,"1090"
5598,"944"
5599,"972"
5600,"972"
5601,"972"
5602,"878"
5603,"880"
5604,"862"
5605,"862"
5606,"1050"
5607,"1050"
5608,"1050"
5609,"1050"
5610,"1050"
5611,"1050"
5612,"1050"
5613,"1050"
5614,"1050"
5615,"1050"
5616,"1050"
5617,"1050"
5618,"1050"
5619,"1050"
5620,"1050"
5621,"1050"
5622,"1050"
5623,"1158"
5624,"1158"
5625,"1158"
5626,"897"
5627,"961"
5628,"903"
5629,"903"
5630,"903"
5631,"903"
5632,"903"
5633,"903"
5634,"903"
5635,"903"
5636,"903"
5637,"903"
5638,"903"
5639,"903"
5640,"903"
5641,"903"
5642,"903"
5643,"903"
5644,"903"
5645,"1029"
5646,"1179"
5647,"1179"
5648,"1149"
5649,"1149"
5650,"1149"
5651,"1149"
5652,"1136"
5653,"1136"
5654,"862"
5655,"913"
5656,"913"
5657,"913"
5658,"860"
5659,"1149"
5660,"869"
5661,"923"
5662,"858"
5663,"851"
5664,"858"
5665,"858"
5666,"858"
5667,"839"
5668,"1000"
5669,"851"
5670,"1021"
5671,"858"
5672,"858"
5673,"1035"
5674,"1035"
5675,"1035"
5676,"1035"
5677,"1035"
5678,"1035"
5679,"1068"
5680,"826"
5681,"1035"
5682,"975"
5683,"878"
5684,"878"
5685,"1069"
5686,"925"
5687,"925"
5688,"866"
5689,"925"
5690,"1115"
5691,"1234"
5692,"1035"
5693,"1035"
5694,"1035"
5695,"1035"
5696,"1035"
5697,"1035"
5698,"1035"
5699,"1035"
5700,"1035"
5701,"1035"
5702,"864"
5703,"1139"
5704,"1139"
5705,"1139"
5706,"982"
5707,"949"
5708,"1030"
5709,"1084"
5798,"993"
5710,"1072"
5711,"1019"
5712,"1019"
5713,"849"
5714,"849"
5715,"1185"
5716,"1032"
5717,"858"
5718,"1102"
5719,"1015"
5720,"885"
5721,"1082"
5722,"931"
5723,"1255"
5724,"1255"
5725,"1255"
5726,"1032"
5727,"1032"
5728,"1035"
5729,"1035"
5730,"1035"
5731,"1035"
5732,"1035"
5733,"1035"
5734,"1035"
5735,"1035"
5736,"1035"
5737,"1035"
5738,"1035"
5739,"1035"
5740,"1035"
5741,"1035"
5742,"1082"
5743,"1082"
5744,"1082"
5745,"1082"
5746,"1082"
5747,"1082"
5748,"1032"
5749,"928"
5750,"1255"
5751,"845"
5752,"845"
5753,"1032"
5848,"875"
5754,"877"
5755,"1035"
5756,"1035"
5757,"1035"
5758,"1094"
5759,"1037"
5760,"864"
5761,"1034"
5762,"1034"
5763,"983"
5764,"885"
5765,"1030"
5766,"1102"
5767,"1035"
5768,"1102"
5769,"1102"
5770,"1102"
5771,"1102"
5772,"908"
5773,"1035"
5774,"1035"
5775,"1035"
5776,"1035"
5777,"1035"
5778,"1035"
5779,"1035"
5780,"1035"
5781,"1102"
5782,"1102"
5783,"1102"
5784,"1082"
5785,"1082"
5786,"1082"
5787,"1082"
5788,"949"
5789,"858"
5790,"993"
5791,"993"
5792,"993"
5793,"993"
5794,"993"
5795,"993"
5796,"993"
5797,"993"
5799,"993"
5800,"993"
5801,"1301"
5802,"858"
5803,"864"
5804,"993"
5805,"1068"
5806,"1171"
5807,"1012"
5808,"1012"
5809,"1012"
5810,"853"
5811,"982"
5812,"982"
5813,"982"
5814,"982"
5815,"982"
5816,"945"
5817,"1014"
5818,"1014"
5819,"1014"
5820,"1014"
5821,"1050"
5822,"993"
5823,"1096"
5824,"839"
5825,"1014"
5826,"911"
5827,"1120"
5828,"993"
5829,"993"
5830,"993"
5831,"993"
5832,"993"
5833,"993"
5834,"993"
5835,"837"
5836,"837"
5837,"1068"
5838,"1050"
5839,"1050"
5840,"1050"
5841,"1050"
5842,"1050"
5843,"1050"
5844,"1050"
5845,"1050"
5846,"1183"
5847,"1054"
5849,"1021"
5850,"1021"
5851,"1021"
5852,"1021"
5853,"1021"
5854,"1021"
5855,"1021"
5856,"1021"
5857,"880"
5858,"862"
5859,"1032"
5860,"1032"
5861,"1032"
5862,"1151"
5863,"1151"
5864,"931"
5865,"931"
5866,"931"
5867,"1035"
5868,"1035"
5869,"1035"
5870,"1024"
5871,"1035"
5872,"1037"
5873,"1035"
5874,"1035"
5875,"1032"
5876,"1032"
5877,"1032"
5878,"1032"
5879,"1082"
5880,"848"
5881,"1032"
5882,"1032"
5883,"1032"
5884,"1032"
5885,"1050"
5886,"1032"
5887,"1026"
5888,"1032"
5889,"1032"
5890,"1032"
5891,"1032"
5892,"1032"
5893,"1026"
5894,"1032"
5895,"1032"
5896,"1032"
5897,"1032"
5898,"1032"
5899,"1032"
5900,"1032"
5901,"1032"
5902,"1050"
5903,"1050"
5904,"931"
5905,"965"
5906,"1032"
5907,"1032"
5908,"965"
5909,"965"
5910,"965"
5911,"965"
5912,"864"
5913,"1032"
5914,"1032"
5915,"1032"
5916,"1115"
5917,"1032"
5918,"1021"
5919,"1021"
5920,"1021"
5921,"1021"
5922,"1021"
5923,"1021"
5924,"965"
5925,"1000"
5926,"1048"
5927,"1033"
5928,"1033"
5929,"1048"
5930,"1045"
5931,"1010"
5932,"1021"
5933,"1090"
5934,"1054"
5935,"938"
5936,"875"
5937,"1040"
5938,"1001"
5939,"1001"
5940,"993"
5941,"1001"
5942,"1001"
5943,"993"
5944,"993"
5945,"993"
5946,"993"
5947,"993"
5948,"993"
5949,"1001"
5950,"1001"
5951,"993"
5952,"1001"
5953,"993"
5954,"993"
5955,"993"
5956,"1170"
5957,"993"
5958,"993"
5959,"1024"
5960,"868"
5961,"931"
5962,"931"
5963,"1054"
5964,"1054"
5965,"965"
5966,"1031"
5967,"869"
5968,"950"
5969,"950"
5970,"950"
5971,"950"
5972,"950"
5973,"950"
5974,"930"
5975,"1136"
5976,"1136"
5977,"1136"
5978,"981"
5979,"1021"
5980,"1021"
5981,"1010"
5982,"1010"
5983,"1010"
5984,"1010"
5985,"1010"
5986,"1010"
5987,"1010"
5988,"1021"
5989,"1043"
5990,"1043"
5991,"1043"
5992,"1043"
5993,"965"
5994,"965"
